,probe_sequence,probe_length,start,end,pnas1,pnas2,pnas3,pnas4,pnas5,deltaG,GC
0,CAAAGATCATTGCAAGTTTAT,21,0,20,True,True,False,True,True,-16.4,0.2857142857142857
1,TATTTTATTTCAATATCCAAG,21,21,41,True,True,False,True,True,-15.100000000000001,0.19047619047619047
2,AACAGTAGGTGCTTCTGTCCA,21,42,62,False,True,True,True,True,-24.900000000000002,0.47619047619047616
3,GCCATACTGCAGCTGTGCTGT,21,63,83,False,True,False,True,True,-27.900000000000002,0.5714285714285714
4,CTGGATGAAGCCATGGGCAAG,21,84,104,True,True,False,True,True,-23.5,0.5714285714285714
5,GTCGGTCGTTCAGTCACACCG,21,105,125,False,True,False,True,True,-28.9,0.6190476190476191
6,GAGGGCGAACACTCCTGTGGA,21,126,146,False,True,True,True,True,-27.599999999999998,0.6190476190476191
7,ACGATCTGGAGGGTTTGTTTC,21,147,167,False,True,False,True,True,-23.999999999999996,0.47619047619047616
8,TGGAAGTTTCGTCCCTGCGTT,21,168,188,False,True,True,True,True,-26.0,0.5238095238095238
9,TCTCTTACCCCCACATTATTG,21,189,209,False,True,False,False,False,-25.9,0.42857142857142855
10,TGGCAATGCATTAATAGGTGT,21,210,230,True,True,False,True,True,-20.099999999999998,0.38095238095238093
11,TATCTTAAACCCACACTCTCC,21,231,251,True,True,False,True,True,-24.400000000000002,0.42857142857142855
12,TCGGAATTAGAACGGATTAAC,21,252,272,True,True,False,True,True,-17.700000000000003,0.38095238095238093
13,AAGATGCGCGTCGGGCTACAT,21,273,293,False,True,True,True,True,-25.0,0.5714285714285714
14,CAACCATCACCTTCCCTCCTA,21,294,314,False,True,False,True,True,-28.900000000000002,0.5238095238095238
15,GGGGGTGACAGTGCCAGTGTG,21,315,335,False,True,False,True,True,-28.7,0.6666666666666666
16,GGTCTCTTTGGAAGGTCTATA,21,336,356,False,True,False,True,True,-22.099999999999998,0.42857142857142855
17,GAAGACATGCTAAATCAAAAG,21,357,377,True,False,False,True,True,-14.300000000000006,0.3333333333333333
18,ACATAGTCAGTACGTTAGAGG,21,378,398,True,True,False,True,True,-20.699999999999996,0.42857142857142855
19,GATGGGGAGGTGTCCGTGGAC,21,399,419,False,True,False,True,True,-28.199999999999992,0.6666666666666666
20,ATTAGAAGACTGGAATTCTGA,21,420,440,True,True,False,True,True,-18.3,0.3333333333333333
21,GCTCCTCATCCCTGGAGGGTC,21,441,461,False,True,False,True,False,-30.399999999999995,0.6666666666666666
22,GCCCAGGCCAGCCCTGCATCC,21,462,482,False,True,False,True,True,-33.5,0.7619047619047619
23,AGGGCAGCGACTTGATTCAGC,21,483,503,False,True,True,True,True,-25.2,0.5714285714285714
24,GACAGGAACCCTCCTAAAACT,21,504,524,True,False,False,True,True,-22.700000000000003,0.47619047619047616
25,AAGAATGAGTTCTTTCTAAGA,21,525,545,True,True,False,True,True,-16.1,0.2857142857142857
26,GGCAGGGAATGGTTACTTTTC,21,546,566,False,True,False,True,True,-22.599999999999998,0.47619047619047616
27,CACTGAGGTTAGTGTGCACCA,21,567,587,False,True,True,True,True,-26.4,0.5238095238095238
28,ATGGGCACTGCCATGGCGAGC,21,588,608,False,True,False,True,True,-28.899999999999995,0.6666666666666666
29,TGCCGCTGACCACCCTAAAGT,21,609,629,False,True,False,True,True,-27.400000000000002,0.5714285714285714
30,GAGAAGTGGCCAGAGGGACAG,21,630,650,True,True,False,True,True,-24.099999999999998,0.6190476190476191
31,CACGAGGCCACCAGAGAACTC,21,651,671,True,True,False,True,True,-26.7,0.6190476190476191
32,CTGCAGTCCCACTTCCTGATG,21,672,692,False,True,False,True,True,-28.4,0.5714285714285714
33,CGCCATGTCCTTGGACTCTCC,21,693,713,False,True,False,True,True,-29.799999999999997,0.6190476190476191
34,CTGGGCTCTGAGAGGAAACAG,21,714,734,True,True,False,True,True,-22.9,0.5714285714285714
35,GGTTCTTAAAAGCACCTGCTC,21,735,755,False,False,False,True,True,-22.3,0.47619047619047616
36,TGGGGAGCCACTGAGGAGAGA,21,756,776,True,True,False,True,True,-26.399999999999988,0.6190476190476191
37,TGGTGACCTTCGGCAGCCACA,21,777,797,False,True,False,True,True,-30.200000000000003,0.6190476190476191
38,CATGGCATCTCCAGCGTGTTC,21,798,818,False,True,False,True,True,-27.299999999999997,0.5714285714285714
39,CCCTAAGTCCCCGTTTCCTGT,21,819,839,False,True,False,False,True,-28.599999999999998,0.5714285714285714
40,CGGGTCCATTGCCCAGCCCGC,21,840,860,False,True,False,True,True,-32.599999999999994,0.7619047619047619
41,TCGCCCCTTTCCTTCCCTCTG,21,861,881,False,True,False,False,False,-31.700000000000003,0.6190476190476191
42,CCACGCTCGAAATCAGCTGGT,21,882,902,False,True,False,True,False,-25.5,0.5714285714285714
43,GGGGTGCAGGGAACCGCTGGC,21,903,923,False,True,True,True,True,-29.699999999999996,0.7619047619047619
44,CTGGAAGCGTCCCCAGGGCCA,21,924,944,False,True,False,True,True,-30.400000000000002,0.7142857142857143
45,CCCCACTCTGGACTCTCACAG,21,945,965,False,True,False,False,False,-30.3,0.6190476190476191
46,CTGCCCAGCCTGTGCTCACAT,21,966,986,False,True,False,True,False,-30.4,0.6190476190476191
47,ACCACAAGCCCCCGTTGTGTA,21,987,1007,False,True,False,False,True,-29.2,0.5714285714285714
48,AGCCACTCCAAGACTGTCTGA,21,1008,1028,True,True,False,True,False,-26.799999999999997,0.5238095238095238
49,TCCTGTTAGGAAAAACAAAGC,21,1029,1049,True,False,False,True,True,-16.700000000000003,0.38095238095238093
50,TCTTTAGGGGAAAGAAAACAA,21,1050,1070,True,False,False,True,True,-15.200000000000005,0.3333333333333333
51,AGGAAGCCTGGACCACACAGT,21,1071,1091,True,True,False,True,True,-26.799999999999997,0.5714285714285714
52,CCCCTGCGCCATGCTCTCTGG,21,1092,1112,False,True,False,False,False,-32.1,0.7142857142857143
53,CTCCTTGGCGGTGTGCCTGTC,21,1113,1133,False,True,False,True,True,-30.299999999999997,0.6666666666666666
54,TATCCGCAGTGCCCACGGAAG,21,1134,1154,False,True,False,True,True,-27.099999999999994,0.6190476190476191
55,CTGGAGGGGTGCGCCTCGCCG,21,1155,1175,False,True,False,True,True,-31.4,0.8095238095238095
56,TGAAAAGAAAGTCTGAGGATG,21,1176,1196,True,False,False,True,True,-15.799999999999999,0.38095238095238093
57,GAGTAGGGGTGAACTTGAAAG,21,1197,1217,True,True,False,True,True,-19.2,0.47619047619047616
58,GGTGTCCGTGCACCTGAACCT,21,1218,1238,False,True,False,True,True,-29.799999999999997,0.6190476190476191
59,CCGGAGTCGACCAAGGTACAC,21,1239,1259,True,True,False,True,True,-26.599999999999998,0.6190476190476191
60,GGGGAGCAAGTCGGGGCAGAG,21,1260,1280,False,True,False,True,True,-25.999999999999996,0.7142857142857143
61,AAGACCCCGAGGAAACTCAAT,21,1281,1301,True,True,False,False,False,-21.8,0.47619047619047616
62,CTTCAAATAAAAAGGGACAAA,21,1302,1322,True,False,False,True,True,-12.600000000000001,0.2857142857142857
63,CAGTTTTAGCCAGTCAGGGTG,21,1323,1343,False,True,False,True,True,-23.9,0.5238095238095238
64,CCGTGGGCCTGGCCCCGCCGC,21,1344,1364,False,True,False,True,True,-36.3,0.9047619047619048
65,GTTCACAGCCCCACGGGATTA,21,1365,1385,False,True,False,False,False,-28.399999999999995,0.5714285714285714
66,AGAGAGGGTCTGCTCTAACTA,21,1386,1406,True,True,False,True,True,-22.5,0.47619047619047616
67,GCTATTTGGTGCAAGTAGAAT,21,1407,1427,True,True,False,True,True,-18.999999999999996,0.38095238095238093
68,TAAACGTTTAAGGCAGTTATA,21,1428,1448,True,True,False,True,True,-15.8,0.2857142857142857
69,TTAAGAAGCCGAGGGCAGGAT,21,1449,1469,True,True,False,True,True,-21.399999999999995,0.5238095238095238
70,TCGGGAAGGCTGAGCAGGGAG,21,1470,1490,False,True,False,True,True,-25.099999999999994,0.6666666666666666
71,GCTCTCAGCGTCTTGCCATGG,21,1491,1511,False,True,False,True,True,-28.4,0.6190476190476191
72,GAGATCCAGAGCGGCTGTCTC,21,1512,1532,False,True,False,True,True,-26.6,0.6190476190476191
73,TTCCTCCCAGCTTAAAGATTT,21,1533,1553,False,True,False,True,False,-21.599999999999994,0.38095238095238093
74,TGGAAAGCGTGCCCTGGGCGT,21,1554,1574,False,True,True,True,True,-27.799999999999997,0.6666666666666666
75,CGTAGGCCCCCTTGAATCCCT,21,1575,1595,False,True,False,False,False,-28.900000000000002,0.6190476190476191
76,TGTGAGCCGATTTATAGTCGG,21,1596,1616,False,True,False,True,True,-22.499999999999996,0.47619047619047616
77,AAGCTCTGCCTCCGTAGCCAA,21,1617,1637,False,True,False,True,True,-26.400000000000002,0.5714285714285714
78,ATCCTGGCTTCTGCCCCTCGG,21,1638,1658,False,True,False,True,True,-31.2,0.6666666666666666
79,CCCCCCAGCTAAATCTGCTGA,21,1659,1679,False,True,False,False,False,-27.2,0.5714285714285714
80,GGGACAGGCCTCTCCCCTTTC,21,1680,1700,False,True,False,True,True,-30.900000000000002,0.6666666666666666
81,CTTGGGATGGAGGGGGTGTAC,21,1701,1721,False,True,False,True,True,-25.999999999999996,0.6190476190476191
82,GAGGTGTCACAATGTTCTTGA,21,1722,1742,False,True,False,True,True,-23.499999999999996,0.42857142857142855
83,AGAAGTGGACTACTGGGTTTT,21,1743,1763,False,True,False,True,True,-21.9,0.42857142857142855
84,CATCTTGGGTCCTCTGCGACT,21,1764,1784,False,True,False,True,True,-28.199999999999996,0.5714285714285714
85,TCTGGGGCAGGGAGCCGTAGT,21,1785,1805,False,True,False,True,True,-27.899999999999995,0.6666666666666666
86,GGGTAGTTCTTGTGTGTGAGT,21,1806,1826,False,True,False,True,True,-24.099999999999994,0.47619047619047616
87,CCTTGTACATGTGGCACAGCC,21,1827,1847,False,True,False,True,True,-27.8,0.5714285714285714
88,CGGGACGGCTGCGGGCATGAG,21,1848,1868,False,True,True,True,True,-28.999999999999993,0.7619047619047619
89,AAGGCAGAGGGCTCCGGCTCT,21,1869,1889,False,True,False,True,True,-27.4,0.6666666666666666
90,GCTTTAGCCAGGGTACCTTGC,21,1890,1910,False,True,False,True,True,-26.199999999999996,0.5714285714285714
91,CAGAGCCCCGCTTGGGCGCAC,21,1911,1931,False,True,False,False,False,-31.099999999999998,0.7619047619047619
92,CCCTGTCACCGCTAAAGAAGC,21,1932,1952,True,True,False,True,True,-24.199999999999996,0.5714285714285714
93,GCCCGATGGAGTCAAGGATGC,21,1953,1973,False,True,True,True,True,-25.999999999999996,0.6190476190476191
94,CCGTGTCTCTGTGCCTTGGGA,21,1974,1994,False,True,False,True,True,-29.699999999999996,0.6190476190476191
95,GGAAGCCATGCCGGGCATGGT,21,1995,2015,False,True,True,True,True,-28.299999999999994,0.6666666666666666
96,CCATGGTACTTGCTGTGGCCA,21,2016,2036,False,True,False,True,True,-28.599999999999998,0.5714285714285714
97,AGTACTTGGACCCGTGTCGCT,21,2037,2057,False,True,False,True,True,-27.9,0.5714285714285714
98,GTGAGGGTCTCTTCTGTGATG,21,2058,2078,False,True,False,True,True,-25.4,0.5238095238095238
99,CCATCACATCCAGGCCTTCGG,21,2079,2099,False,True,False,True,True,-29.2,0.6190476190476191
100,AAGCTGCTGTGGGATCTTCTT,21,2100,2120,False,True,False,True,True,-24.099999999999994,0.47619047619047616
101,GGATGGTCTGAAGCTCGTCGG,21,2121,2141,False,True,False,True,True,-25.799999999999997,0.6190476190476191
102,ACTCTGAGAAGCTCGTCGGAC,21,2142,2162,False,True,False,True,True,-25.199999999999996,0.5714285714285714
103,CAAAGATCATTGCAAGTTTATT,22,0,21,True,True,False,True,True,-17.099999999999998,0.2727272727272727
104,ATTTTATTTCAATATCCAAGAA,22,22,43,True,True,False,True,True,-15.8,0.18181818181818182
105,CAGTAGGTGCTTCTGTCCAGCC,22,44,65,False,True,False,True,True,-28.400000000000002,0.5909090909090909
106,ATACTGCAGCTGTGCTGTCTGG,22,66,87,False,True,True,True,True,-27.7,0.5454545454545454
107,ATGAAGCCATGGGCAAGGTCGG,22,88,109,False,True,False,True,True,-25.699999999999996,0.5909090909090909
108,TCGTTCAGTCACACCGGAGGGC,22,110,131,False,True,False,True,True,-30.199999999999996,0.6363636363636364
109,GAACACTCCTGTGGAACGATCT,22,132,153,False,True,True,True,False,-26.199999999999992,0.5
110,GGAGGGTTTGTTTCTGGAAGTT,22,154,175,False,True,False,True,True,-23.39999999999999,0.45454545454545453
111,TCGTCCCTGCGTTTCTCTTACC,22,176,197,False,True,False,True,False,-29.799999999999997,0.5454545454545454
112,CCCACATTATTGTGGCAATGCA,22,198,219,False,True,True,True,False,-26.099999999999998,0.45454545454545453
113,TTAATAGGTGTTATCTTAAACC,22,220,241,True,True,False,True,True,-17.1,0.2727272727272727
114,CACACTCTCCTCGGAATTAGAA,22,242,263,True,True,False,True,False,-24.199999999999996,0.45454545454545453
115,CGGATTAACAAGATGCGCGTCG,22,264,285,False,True,True,True,True,-23.299999999999997,0.5454545454545454
116,GGCTACATCAACCATCACCTTC,22,286,307,False,True,False,True,True,-27.8,0.5
117,CCTCCTAGGGGGTGACAGTGCC,22,308,329,False,True,False,True,False,-30.899999999999995,0.6818181818181818
118,AGTGTGGGTCTCTTTGGAAGGT,22,330,351,False,True,False,True,True,-25.399999999999995,0.5
119,CTATAGAAGACATGCTAAATCA,22,352,373,True,True,False,True,True,-17.6,0.3181818181818182
120,AAAGACATAGTCAGTACGTTAG,22,374,395,True,True,False,True,True,-18.599999999999998,0.36363636363636365
121,AGGGATGGGGAGGTGTCCGTGG,22,396,417,False,True,False,True,True,-29.199999999999996,0.6818181818181818
122,ACATTAGAAGACTGGAATTCTG,22,418,439,True,True,False,True,True,-19.9,0.36363636363636365
123,AGCTCCTCATCCCTGGAGGGTC,22,440,461,False,True,False,True,False,-30.799999999999997,0.6363636363636364
124,GCCCAGGCCAGCCCTGCATCCA,22,462,483,False,True,False,True,True,-35.1,0.7272727272727273
125,GGGCAGCGACTTGATTCAGCGA,22,484,505,False,True,True,True,True,-27.599999999999994,0.5909090909090909
126,CAGGAACCCTCCTAAAACTAAG,22,506,527,True,False,False,True,False,-20.6,0.45454545454545453
127,AATGAGTTCTTTCTAAGAGGCA,22,528,549,True,True,False,True,True,-20.200000000000003,0.36363636363636365
128,GGGAATGGTTACTTTTCCACTG,22,550,571,False,True,False,True,True,-24.7,0.45454545454545453
129,AGGTTAGTGTGCACCAATGGGC,22,572,593,False,True,False,True,True,-26.299999999999997,0.5454545454545454
130,ACTGCCATGGCGAGCTGCCGCT,22,594,615,False,True,False,True,True,-31.799999999999994,0.6818181818181818
131,GACCACCCTAAAGTGAGAAGTG,22,616,637,True,True,True,True,False,-23.299999999999994,0.5
132,GCCAGAGGGACAGCACGAGGCC,22,638,659,False,True,False,True,True,-30.499999999999996,0.7272727272727273
133,ACCAGAGAACTCCTGCAGTCCC,22,660,681,False,True,False,True,True,-29.300000000000004,0.5909090909090909
134,ACTTCCTGATGCGCCATGTCCT,22,682,703,False,True,False,True,True,-30.2,0.5454545454545454
135,TGGACTCTCCCTGGGCTCTGAG,22,704,725,False,True,False,True,False,-30.9,0.6363636363636364
136,AGGAAACAGGGTTCTTAAAAGC,22,726,747,True,False,False,True,True,-17.9,0.4090909090909091
137,ACCTGCTCTGGGGAGCCACTGA,22,748,769,False,True,False,True,True,-31.599999999999994,0.6363636363636364
138,GGAGAGATGGTGACCTTCGGCA,22,770,791,False,True,False,True,True,-27.999999999999996,0.5909090909090909
139,GCCACACATGGCATCTCCAGCG,22,792,813,False,True,False,True,False,-31.2,0.6363636363636364
140,TGTTCCCCTAAGTCCCCGTTTC,22,814,835,False,True,False,False,False,-29.500000000000004,0.5454545454545454
141,CTGTCGGGTCCATTGCCCAGCC,22,836,857,False,True,False,True,True,-32.4,0.6818181818181818
142,CGCTCGCCCCTTTCCTTCCCTC,22,858,879,False,True,False,False,False,-33.9,0.6818181818181818
143,TGCCACGCTCGAAATCAGCTGG,22,880,901,False,True,False,True,False,-27.2,0.5909090909090909
144,TGGGGTGCAGGGAACCGCTGGC,22,902,923,False,True,True,True,True,-30.899999999999995,0.7272727272727273
145,CTGGAAGCGTCCCCAGGGCCAC,22,924,945,False,True,False,True,True,-31.8,0.7272727272727273
146,CCCACTCTGGACTCTCACAGCT,22,946,967,False,True,False,True,False,-31.3,0.5909090909090909
147,GCCCAGCCTGTGCTCACATACC,22,968,989,False,True,False,True,False,-32.099999999999994,0.6363636363636364
148,ACAAGCCCCCGTTGTGTAAGCC,22,990,1011,False,True,False,False,False,-28.399999999999995,0.5909090909090909
149,ACTCCAAGACTGTCTGATCCTG,22,1012,1033,False,True,False,True,True,-27.2,0.5
150,TTAGGAAAAACAAAGCTCTTTA,22,1034,1055,True,False,False,True,True,-14.899999999999999,0.2727272727272727
151,GGGGAAAGAAAACAAAGGAAGC,22,1056,1077,True,False,False,True,True,-15.600000000000001,0.45454545454545453
152,CTGGACCACACAGTCCCCTGCG,22,1078,1099,False,True,False,True,False,-33.1,0.6818181818181818
153,CCATGCTCTCTGGCTCCTTGGC,22,1100,1121,False,True,False,True,True,-31.3,0.6363636363636364
154,GGTGTGCCTGTCTATCCGCAGT,22,1122,1143,False,True,True,True,True,-29.8,0.5909090909090909
155,GCCCACGGAAGCTGGAGGGGTG,22,1144,1165,False,True,True,True,False,-30.099999999999994,0.7272727272727273
156,CGCCTCGCCGTGAAAAGAAAGT,22,1166,1187,True,False,True,True,False,-22.4,0.5454545454545454
157,CTGAGGATGGAGTAGGGGTGAA,22,1188,1209,False,True,False,True,True,-23.9,0.5454545454545454
158,CTTGAAAGGGTGTCCGTGCACC,22,1210,1231,False,True,True,True,True,-27.4,0.5909090909090909
159,TGAACCTCCGGAGTCGACCAAG,22,1232,1253,False,True,False,True,False,-27.399999999999995,0.5909090909090909
160,GTACACGGGGAGCAAGTCGGGG,22,1254,1275,False,True,False,True,True,-27.999999999999996,0.6818181818181818
161,CAGAGAAGACCCCGAGGAAACT,22,1276,1297,True,True,True,True,True,-23.699999999999996,0.5454545454545454
162,CAATCTTCAAATAAAAAGGGAC,22,1298,1319,True,False,False,True,True,-14.700000000000005,0.3181818181818182
163,AAACAGTTTTAGCCAGTCAGGG,22,1320,1341,True,True,False,True,True,-22.2,0.45454545454545453
164,TGCCGTGGGCCTGGCCCCGCCG,22,1342,1363,False,True,False,True,True,-37.49999999999999,0.8636363636363636
165,CGTTCACAGCCCCACGGGATTA,22,1364,1385,False,True,False,True,True,-29.799999999999994,0.5909090909090909
166,AGAGAGGGTCTGCTCTAACTAG,22,1386,1407,False,True,False,True,True,-22.9,0.5
167,CTATTTGGTGCAAGTAGAATTA,22,1408,1429,True,True,False,True,True,-18.2,0.3181818181818182
168,AACGTTTAAGGCAGTTATATTA,22,1430,1451,True,True,False,True,True,-17.1,0.2727272727272727
169,AGAAGCCGAGGGCAGGATTCGG,22,1452,1473,False,True,False,True,True,-25.699999999999992,0.6363636363636364
170,GAAGGCTGAGCAGGGAGGCTCT,22,1474,1495,False,True,False,True,True,-26.599999999999998,0.6363636363636364
171,CAGCGTCTTGCCATGGGAGATC,22,1496,1517,False,True,True,True,True,-27.59999999999999,0.5909090909090909
172,CAGAGCGGCTGTCTCTTCCTCC,22,1518,1539,False,True,False,True,True,-30.1,0.6363636363636364
173,CAGCTTAAAGATTTTGGAAAGC,22,1540,1561,True,True,False,True,True,-16.7,0.36363636363636365
174,GTGCCCTGGGCGTCGTAGGCCC,22,1562,1583,False,True,False,True,True,-33.699999999999996,0.7727272727272727
175,CCTTGAATCCCTTGTGAGCCGA,22,1584,1605,False,True,False,True,True,-27.999999999999996,0.5454545454545454
176,TTTATAGTCGGAAGCTCTGCCT,22,1606,1627,False,True,True,True,True,-23.8,0.45454545454545453
177,CCGTAGCCAAATCCTGGCTTCT,22,1628,1649,False,True,False,True,True,-26.8,0.5454545454545454
178,GCCCCTCGGCCCCCCAGCTAAA,22,1650,1671,False,True,False,False,False,-33.69999999999999,0.7272727272727273
179,TCTGCTGAGGGACAGGCCTCTC,22,1672,1693,False,True,False,True,True,-30.1,0.6363636363636364
180,CCCTTTCCTTGGGATGGAGGGG,22,1694,1715,False,True,True,True,True,-29.29999999999999,0.6363636363636364
181,GTGTACGAGGTGTCACAATGTT,22,1716,1737,False,True,False,True,True,-24.9,0.45454545454545453
182,CTTGAAGAAGTGGACTACTGGG,22,1738,1759,False,True,False,True,True,-22.7,0.5
183,TTTTCATCTTGGGTCCTCTGCG,22,1760,1781,False,True,True,True,True,-27.699999999999996,0.5
184,ACTTCTGGGGCAGGGAGCCGTA,22,1782,1803,False,True,True,True,True,-29.39999999999999,0.6363636363636364
185,GTGGGTAGTTCTTGTGTGTGAG,22,1804,1825,False,True,False,True,True,-25.299999999999994,0.5
186,TCCTTGTACATGTGGCACAGCC,22,1826,1847,False,True,False,True,True,-29.3,0.5454545454545454
187,CGGGACGGCTGCGGGCATGAGA,22,1848,1869,False,True,True,True,True,-30.39999999999999,0.7272727272727273
188,AGGCAGAGGGCTCCGGCTCTGC,22,1870,1891,False,True,False,True,True,-30.8,0.7272727272727273
189,TTTAGCCAGGGTACCTTGCCAG,22,1892,1913,False,True,True,True,True,-27.2,0.5454545454545454
190,AGCCCCGCTTGGGCGCACCCCT,22,1914,1935,False,True,False,False,False,-35.89999999999999,0.7727272727272727
191,GTCACCGCTAAAGAAGCGCCCG,22,1936,1957,False,True,False,True,False,-26.500000000000004,0.6363636363636364
192,ATGGAGTCAAGGATGCCCGTGT,22,1958,1979,False,True,False,True,True,-26.8,0.5454545454545454
193,CTCTGTGCCTTGGGAGGAAGCC,22,1980,2001,False,True,True,True,True,-28.299999999999994,0.6363636363636364
194,ATGCCGGGCATGGTCCATGGTA,22,2002,2023,False,True,True,True,True,-29.799999999999997,0.5909090909090909
195,CTTGCTGTGGCCAAGTACTTGG,22,2024,2045,False,True,True,True,True,-26.499999999999996,0.5454545454545454
196,ACCCGTGTCGCTGTGAGGGTCT,22,2046,2067,False,True,True,True,True,-31.199999999999996,0.6363636363636364
197,CTTCTGTGATGCCATCACATCC,22,2068,2089,False,True,False,True,True,-28.3,0.5
198,AGGCCTTCGGAAGCTGCTGTGG,22,2090,2111,False,True,True,True,True,-28.0,0.6363636363636364
199,GATCTTCTTGGATGGTCTGAAG,22,2112,2133,False,True,False,True,True,-23.499999999999996,0.45454545454545453
200,CTCGTCGGACTCTGAGAAGCTC,22,2134,2155,False,True,False,True,True,-26.599999999999994,0.5909090909090909
201,GTCGGACTCTGAGGGCCTGTCT,22,2156,2177,False,True,True,True,True,-30.5,0.6363636363636364
202,CAAAGATCATTGCAAGTTTATTA,23,0,22,True,True,False,True,True,-17.599999999999998,0.2608695652173913
203,TTTTATTTCAATATCCAAGAACA,23,23,45,True,True,False,True,True,-18.400000000000002,0.21739130434782608
204,GTAGGTGCTTCTGTCCAGCCATA,23,46,68,False,True,True,True,True,-28.900000000000002,0.5217391304347826
205,CTGCAGCTGTGCTGTCTGGATGA,23,69,91,False,True,False,True,True,-29.799999999999994,0.5652173913043478
206,AGCCATGGGCAAGGTCGGTCGTT,23,92,114,False,True,False,True,True,-29.499999999999996,0.6086956521739131
207,CAGTCACACCGGAGGGCGAACAC,23,115,137,True,True,False,True,False,-30.599999999999994,0.6521739130434783
208,TCCTGTGGAACGATCTGGAGGGT,23,138,160,False,True,False,True,True,-28.899999999999995,0.5652173913043478
209,TTGTTTCTGGAAGTTTCGTCCCT,23,161,183,False,True,False,True,True,-26.8,0.43478260869565216
210,GCGTTTCTCTTACCCCCACATTA,23,184,206,False,True,False,True,True,-29.900000000000002,0.4782608695652174
211,TTGTGGCAATGCATTAATAGGTG,23,207,229,False,True,False,True,True,-21.999999999999996,0.391304347826087
212,TTATCTTAAACCCACACTCTCCT,23,230,252,False,True,False,True,True,-26.400000000000002,0.391304347826087
213,CGGAATTAGAACGGATTAACAAG,23,253,275,True,True,False,True,True,-18.0,0.391304347826087
214,ATGCGCGTCGGGCTACATCAACC,23,276,298,False,True,False,True,True,-30.0,0.6086956521739131
215,ATCACCTTCCCTCCTAGGGGGTG,23,299,321,False,True,False,True,False,-32.1,0.6086956521739131
216,ACAGTGCCAGTGTGGGTCTCTTT,23,322,344,False,True,False,True,True,-29.7,0.5217391304347826
217,GGAAGGTCTATAGAAGACATGCT,23,345,367,True,True,False,True,True,-22.0,0.43478260869565216
218,AAATCAAAAGACATAGTCAGTAC,23,368,390,True,False,False,True,True,-17.0,0.30434782608695654
219,GTTAGAGGGATGGGGAGGTGTCC,23,391,413,False,True,False,True,True,-27.899999999999995,0.6086956521739131
220,GTGGACATTAGAAGACTGGAATT,23,414,436,True,True,False,True,True,-21.7,0.391304347826087
221,CTGAGCTCCTCATCCCTGGAGGG,23,437,459,False,True,False,True,False,-31.699999999999996,0.6521739130434783
222,TCGCCCAGGCCAGCCCTGCATCC,23,460,482,False,True,False,True,False,-36.4,0.7391304347826086
223,AGGGCAGCGACTTGATTCAGCGA,23,483,505,False,True,False,True,True,-27.999999999999996,0.5652173913043478
224,CAGGAACCCTCCTAAAACTAAGA,23,506,528,True,False,False,True,False,-22.0,0.43478260869565216
225,ATGAGTTCTTTCTAAGAGGCAGG,23,529,551,False,True,False,True,True,-22.5,0.43478260869565216
226,GAATGGTTACTTTTCCACTGAGG,23,552,574,False,True,False,True,True,-24.799999999999994,0.43478260869565216
227,TTAGTGTGCACCAATGGGCACTG,23,575,597,False,True,False,True,True,-28.2,0.5217391304347826
228,CCATGGCGAGCTGCCGCTGACCA,23,598,620,False,True,False,True,True,-33.8,0.6956521739130435
229,CCCTAAAGTGAGAAGTGGCCAGA,23,621,643,True,True,False,True,True,-24.6,0.5217391304347826
230,GGGACAGCACGAGGCCACCAGAG,23,644,666,True,True,False,True,True,-31.499999999999996,0.6956521739130435
231,AACTCCTGCAGTCCCACTTCCTG,23,667,689,False,True,False,True,True,-31.7,0.5652173913043478
232,ATGCGCCATGTCCTTGGACTCTC,23,690,712,False,True,False,True,True,-31.099999999999998,0.5652173913043478
233,CCTGGGCTCTGAGAGGAAACAGG,23,713,735,False,True,False,True,True,-26.89999999999999,0.6086956521739131
234,GTTCTTAAAAGCACCTGCTCTGG,23,736,758,False,False,True,True,True,-24.8,0.4782608695652174
235,GGAGCCACTGAGGAGAGATGGTG,23,759,781,False,True,False,True,True,-27.79999999999999,0.6086956521739131
236,ACCTTCGGCAGCCACACATGGCA,23,782,804,False,True,False,True,True,-33.099999999999994,0.6086956521739131
237,TCTCCAGCGTGTTCCCCTAAGTC,23,805,827,False,True,False,True,True,-30.3,0.5652173913043478
238,CCCGTTTCCTGTCGGGTCCATTG,23,828,850,False,True,False,True,True,-32.199999999999996,0.6086956521739131
239,CCCAGCCCGCTCGCCCCTTTCCT,23,851,873,False,True,False,True,False,-37.5,0.7391304347826086
240,TCCCTCTGCCACGCTCGAAATCA,23,874,896,False,True,False,True,False,-30.799999999999997,0.5652173913043478
241,GCTGGTGGGGTGCAGGGAACCGC,23,897,919,False,True,False,True,True,-32.39999999999999,0.7391304347826086
242,TGGCCTGGAAGCGTCCCCAGGGC,23,920,942,False,True,False,True,True,-33.7,0.7391304347826086
243,CACCCCACTCTGGACTCTCACAG,23,943,965,False,True,False,False,False,-33.3,0.6086956521739131
244,CTGCCCAGCCTGTGCTCACATAC,23,966,988,False,True,False,True,False,-32.3,0.6086956521739131
245,CACAAGCCCCCGTTGTGTAAGCC,23,989,1011,False,True,False,False,False,-29.999999999999996,0.6086956521739131
246,ACTCCAAGACTGTCTGATCCTGT,23,1012,1034,False,True,False,True,True,-28.7,0.4782608695652174
247,TAGGAAAAACAAAGCTCTTTAGG,23,1035,1057,True,False,False,True,True,-16.3,0.34782608695652173
248,GGAAAGAAAACAAAGGAAGCCTG,23,1058,1080,True,False,False,True,True,-17.0,0.43478260869565216
249,GACCACACAGTCCCCTGCGCCAT,23,1081,1103,False,True,False,True,False,-35.2,0.6521739130434783
250,GCTCTCTGGCTCCTTGGCGGTGT,23,1104,1126,False,True,False,True,True,-33.099999999999994,0.6521739130434783
251,GCCTGTCTATCCGCAGTGCCCAC,23,1127,1149,False,True,False,True,True,-33.5,0.6521739130434783
252,GGAAGCTGGAGGGGTGCGCCTCG,23,1150,1172,False,True,False,True,True,-30.999999999999996,0.7391304347826086
253,CCGTGAAAAGAAAGTCTGAGGAT,23,1173,1195,True,False,False,True,True,-19.799999999999997,0.43478260869565216
254,GGAGTAGGGGTGAACTTGAAAGG,23,1196,1218,True,True,False,True,True,-22.599999999999998,0.5217391304347826
255,GTGTCCGTGCACCTGAACCTCCG,23,1219,1241,False,True,False,True,True,-33.3,0.6521739130434783
256,GAGTCGACCAAGGTACACGGGGA,23,1242,1264,True,True,False,True,True,-29.099999999999994,0.6086956521739131
257,GCAAGTCGGGGCAGAGAAGACCC,23,1265,1287,True,True,True,True,True,-28.09999999999999,0.6521739130434783
258,CGAGGAAACTCAATCTTCAAATA,23,1288,1310,True,True,False,True,True,-19.0,0.34782608695652173
259,AAAAGGGACAAACAGTTTTAGCC,23,1311,1333,True,False,False,True,True,-19.4,0.391304347826087
260,AGTCAGGGTGCCGTGGGCCTGGC,23,1334,1356,False,True,True,True,True,-33.8,0.7391304347826086
261,CCCGCCGCGTTCACAGCCCCACG,23,1357,1379,False,True,False,True,False,-37.1,0.782608695652174
262,GGATTAAGAGAGGGTCTGCTCTA,23,1380,1402,False,True,False,True,True,-24.0,0.4782608695652174
263,ACTAGCTATTTGGTGCAAGTAGA,23,1403,1425,True,True,False,True,True,-22.399999999999995,0.391304347826087
264,ATTAAACGTTTAAGGCAGTTATA,23,1426,1448,True,True,False,True,True,-16.9,0.2608695652173913
265,TTAAGAAGCCGAGGGCAGGATTC,23,1449,1471,True,True,False,True,True,-23.599999999999994,0.5217391304347826
266,GGGAAGGCTGAGCAGGGAGGCTC,23,1472,1494,False,True,False,True,True,-28.699999999999996,0.6956521739130435
267,TCAGCGTCTTGCCATGGGAGATC,23,1495,1517,False,True,True,True,True,-29.09999999999999,0.5652173913043478
268,CAGAGCGGCTGTCTCTTCCTCCC,23,1518,1540,False,True,False,True,True,-32.4,0.6521739130434783
269,AGCTTAAAGATTTTGGAAAGCGT,23,1541,1563,True,True,False,True,True,-18.0,0.34782608695652173
270,GCCCTGGGCGTCGTAGGCCCCCT,23,1564,1586,False,True,False,True,True,-36.89999999999999,0.782608695652174
271,TGAATCCCTTGTGAGCCGATTTA,23,1587,1609,False,True,False,True,True,-25.99999999999999,0.43478260869565216
272,TAGTCGGAAGCTCTGCCTCCGTA,23,1610,1632,False,True,False,True,True,-28.700000000000003,0.5652173913043478
273,GCCAAATCCTGGCTTCTGCCCCT,23,1633,1655,False,True,False,True,True,-32.1,0.6086956521739131
274,CGGCCCCCCAGCTAAATCTGCTG,23,1656,1678,False,True,False,False,False,-30.900000000000002,0.6521739130434783
275,AGGGACAGGCCTCTCCCCTTTCC,23,1679,1701,False,True,False,True,True,-33.6,0.6521739130434783
276,TTGGGATGGAGGGGGTGTACGAG,23,1702,1724,False,True,False,True,True,-27.89999999999999,0.6086956521739131
277,GTGTCACAATGTTCTTGAAGAAG,23,1725,1747,True,True,False,True,True,-21.799999999999994,0.391304347826087
278,TGGACTACTGGGTTTTCATCTTG,23,1748,1770,False,True,False,True,True,-26.599999999999994,0.43478260869565216
279,GGTCCTCTGCGACTTCTGGGGCA,23,1771,1793,False,True,False,True,True,-33.199999999999996,0.6521739130434783
280,GGGAGCCGTAGTGGGTAGTTCTT,23,1794,1816,False,True,False,True,True,-27.499999999999996,0.5652173913043478
281,GTGTGTGAGTCCTTGTACATGTG,23,1817,1839,False,True,False,True,True,-27.699999999999996,0.4782608695652174
282,GCACAGCCCGGGACGGCTGCGGG,23,1840,1862,False,True,False,True,False,-35.6,0.8260869565217391
283,CATGAGAAGGCAGAGGGCTCCGG,23,1863,1885,False,True,False,True,True,-27.7,0.6521739130434783
284,CTCTGCTTTAGCCAGGGTACCTT,23,1886,1908,False,True,False,True,True,-28.299999999999997,0.5217391304347826
285,GCCAGAGCCCCGCTTGGGCGCAC,23,1909,1931,False,True,False,False,False,-35.4,0.782608695652174
286,CCCTGTCACCGCTAAAGAAGCGC,23,1932,1954,False,True,False,True,True,-27.599999999999994,0.6086956521739131
287,CCGATGGAGTCAAGGATGCCCGT,23,1955,1977,False,True,True,True,True,-29.2,0.6086956521739131
288,GTCTCTGTGCCTTGGGAGGAAGC,23,1978,2000,False,True,False,True,True,-28.99999999999999,0.6086956521739131
289,CATGCCGGGCATGGTCCATGGTA,23,2001,2023,False,True,True,True,True,-31.399999999999995,0.6086956521739131
290,CTTGCTGTGGCCAAGTACTTGGA,23,2024,2046,False,True,False,True,True,-27.899999999999995,0.5217391304347826
291,CCCGTGTCGCTGTGAGGGTCTCT,23,2047,2069,False,True,False,True,True,-32.599999999999994,0.6521739130434783
292,TCTGTGATGCCATCACATCCAGG,23,2070,2092,False,True,False,True,True,-30.0,0.5217391304347826
293,CCTTCGGAAGCTGCTGTGGGATC,23,2093,2115,False,True,True,True,True,-28.899999999999995,0.6086956521739131
294,TTCTTGGATGGTCTGAAGCTCGT,23,2116,2138,False,True,False,True,True,-26.599999999999994,0.4782608695652174
295,CGGACTCTGAGAAGCTCGTCGGA,23,2139,2161,False,True,True,True,True,-28.299999999999997,0.6086956521739131
296,CAAAGATCATTGCAAGTTTATTAT,24,0,23,True,True,False,True,True,-17.999999999999996,0.25
297,TTTATTTCAATATCCAAGAACAGT,24,24,47,True,True,False,True,True,-19.600000000000005,0.25
298,AGGTGCTTCTGTCCAGCCATACTG,24,48,71,False,True,False,True,True,-30.799999999999997,0.5416666666666666
299,CAGCTGTGCTGTCTGGATGAAGCC,24,72,95,False,True,True,True,True,-29.799999999999994,0.5833333333333334
300,ATGGGCAAGGTCGGTCGTTCAGTC,24,96,119,False,True,False,True,True,-29.7,0.5833333333333334
301,ACACCGGAGGGCGAACACTCCTGT,24,120,143,False,True,False,True,True,-33.099999999999994,0.625
302,GGAACGATCTGGAGGGTTTGTTTC,24,144,167,False,True,False,True,True,-26.899999999999995,0.5
303,TGGAAGTTTCGTCCCTGCGTTTCT,24,168,191,False,True,True,True,True,-29.5,0.5
304,CTTACCCCCACATTATTGTGGCAA,24,192,215,False,True,False,False,False,-29.4,0.4583333333333333
305,TGCATTAATAGGTGTTATCTTAAA,24,216,239,True,True,False,True,True,-18.6,0.25
306,CCCACACTCTCCTCGGAATTAGAA,24,240,263,True,True,False,True,False,-28.799999999999997,0.5
307,CGGATTAACAAGATGCGCGTCGGG,24,264,287,False,True,False,True,True,-26.699999999999996,0.5833333333333334
308,CTACATCAACCATCACCTTCCCTC,24,288,311,False,True,False,True,True,-31.500000000000004,0.5
309,CTAGGGGGTGACAGTGCCAGTGTG,24,312,335,False,True,False,True,True,-30.9,0.625
310,GGTCTCTTTGGAAGGTCTATAGAA,24,336,359,False,True,False,True,True,-23.699999999999996,0.4166666666666667
311,GACATGCTAAATCAAAAGACATAG,24,360,383,True,False,False,True,True,-18.400000000000002,0.3333333333333333
312,TCAGTACGTTAGAGGGATGGGGAG,24,384,407,False,True,False,True,True,-26.499999999999993,0.5416666666666666
313,GTGTCCGTGGACATTAGAAGACTG,24,408,431,False,True,False,True,True,-27.09999999999999,0.5
314,GAATTCTGAGCTCCTCATCCCTGG,24,432,455,False,True,False,True,True,-30.3,0.5416666666666666
315,AGGGTCGCCCAGGCCAGCCCTGCA,24,456,479,False,True,False,True,False,-37.50000000000001,0.75
316,TCCAGGGCAGCGACTTGATTCAGC,24,480,503,False,True,False,True,True,-30.599999999999994,0.5833333333333334
317,GACAGGAACCCTCCTAAAACTAAG,24,504,527,True,False,False,True,True,-23.400000000000002,0.4583333333333333
318,AATGAGTTCTTTCTAAGAGGCAGG,24,528,551,True,True,False,True,True,-22.3,0.4166666666666667
319,GAATGGTTACTTTTCCACTGAGGT,24,552,575,False,True,False,True,True,-26.299999999999994,0.4166666666666667
320,TAGTGTGCACCAATGGGCACTGCC,24,576,599,False,True,False,True,True,-31.8,0.5833333333333334
321,ATGGCGAGCTGCCGCTGACCACCC,24,600,623,False,True,False,True,True,-35.89999999999999,0.7083333333333334
322,TAAAGTGAGAAGTGGCCAGAGGGA,24,624,647,True,True,False,True,True,-23.899999999999995,0.5
323,CAGCACGAGGCCACCAGAGAACTC,24,648,671,True,True,False,True,True,-30.699999999999996,0.625
324,CTGCAGTCCCACTTCCTGATGCGC,24,672,695,False,True,False,True,True,-33.8,0.625
325,CATGTCCTTGGACTCTCCCTGGGC,24,696,719,False,True,False,True,True,-34.300000000000004,0.625
326,TCTGAGAGGAAACAGGGTTCTTAA,24,720,743,True,True,False,True,True,-23.1,0.4166666666666667
327,AAGCACCTGCTCTGGGGAGCCACT,24,744,767,False,True,False,True,True,-32.8,0.625
328,GAGGAGAGATGGTGACCTTCGGCA,24,768,791,False,True,False,True,True,-29.8,0.5833333333333334
329,GCCACACATGGCATCTCCAGCGTG,24,792,815,False,True,False,True,False,-33.900000000000006,0.625
330,TTCCCCTAAGTCCCCGTTTCCTGT,24,816,839,False,True,False,False,False,-33.1,0.5416666666666666
331,CGGGTCCATTGCCCAGCCCGCTCG,24,840,863,False,True,False,True,True,-36.79999999999999,0.75
332,CCCCTTTCCTTCCCTCTGCCACGC,24,864,887,False,True,False,False,False,-37.5,0.6666666666666666
333,TCGAAATCAGCTGGTGGGGTGCAG,24,888,911,False,True,False,True,True,-28.499999999999996,0.5833333333333334
334,GGAACCGCTGGCCTGGAAGCGTCC,24,912,935,False,True,False,True,True,-32.99999999999999,0.7083333333333334
335,CCAGGGCCACCCCACTCTGGACTC,24,936,959,False,True,False,True,False,-37.5,0.7083333333333334
336,TCACAGCTGCCCAGCCTGTGCTCA,24,960,983,False,True,False,True,True,-35.5,0.625
337,CATACCACAAGCCCCCGTTGTGTA,24,984,1007,False,True,False,True,True,-31.7,0.5416666666666666
338,AGCCACTCCAAGACTGTCTGATCC,24,1008,1031,False,True,False,True,False,-30.999999999999996,0.5416666666666666
339,TGTTAGGAAAAACAAAGCTCTTTA,24,1032,1055,True,False,False,True,True,-17.6,0.2916666666666667
340,GGGGAAAGAAAACAAAGGAAGCCT,24,1056,1079,True,False,False,True,True,-19.200000000000003,0.4583333333333333
341,GGACCACACAGTCCCCTGCGCCAT,24,1080,1103,False,True,False,True,False,-36.9,0.6666666666666666
342,GCTCTCTGGCTCCTTGGCGGTGTG,24,1104,1127,False,True,False,True,True,-34.3,0.6666666666666666
343,CCTGTCTATCCGCAGTGCCCACGG,24,1128,1151,False,True,False,True,True,-34.60000000000001,0.6666666666666666
344,AAGCTGGAGGGGTGCGCCTCGCCG,24,1152,1175,False,True,False,True,True,-33.599999999999994,0.75
345,TGAAAAGAAAGTCTGAGGATGGAG,24,1176,1199,True,False,False,True,True,-19.299999999999997,0.4166666666666667
346,TAGGGGTGAACTTGAAAGGGTGTC,24,1200,1223,False,True,False,True,True,-25.0,0.5
347,CGTGCACCTGAACCTCCGGAGTCG,24,1224,1247,False,True,False,True,True,-33.199999999999996,0.6666666666666666
348,ACCAAGGTACACGGGGAGCAAGTC,24,1248,1271,True,True,True,True,True,-28.699999999999996,0.5833333333333334
349,GGGGCAGAGAAGACCCCGAGGAAA,24,1272,1295,True,True,False,True,True,-28.099999999999998,0.625
350,CTCAATCTTCAAATAAAAAGGGAC,24,1296,1319,True,False,False,True,True,-17.5,0.3333333333333333
351,AAACAGTTTTAGCCAGTCAGGGTG,24,1320,1343,True,True,False,True,True,-24.9,0.4583333333333333
352,CCGTGGGCCTGGCCCCGCCGCGTT,24,1344,1367,False,True,False,True,True,-39.9,0.8333333333333334
353,CACAGCCCCACGGGATTAAGAGAG,24,1368,1391,True,True,False,False,False,-28.49999999999999,0.5833333333333334
354,GGTCTGCTCTAACTAGCTATTTGG,24,1392,1415,False,True,False,True,True,-25.699999999999996,0.4583333333333333
355,TGCAAGTAGAATTAAACGTTTAAG,24,1416,1439,True,True,False,True,True,-16.2,0.2916666666666667
356,GCAGTTATATTAAGAAGCCGAGGG,24,1440,1463,True,True,False,True,True,-21.899999999999995,0.4583333333333333
357,CAGGATTCGGGAAGGCTGAGCAGG,24,1464,1487,False,True,False,True,True,-27.799999999999994,0.625
358,GAGGCTCTCAGCGTCTTGCCATGG,24,1488,1511,False,True,False,True,True,-31.9,0.625
359,GAGATCCAGAGCGGCTGTCTCTTC,24,1512,1535,False,True,False,True,True,-30.1,0.5833333333333334
360,CTCCCAGCTTAAAGATTTTGGAAA,24,1536,1559,True,True,False,True,False,-21.7,0.375
361,GCGTGCCCTGGGCGTCGTAGGCCC,24,1560,1583,False,True,False,True,True,-37.099999999999994,0.7916666666666666
362,CCTTGAATCCCTTGTGAGCCGATT,24,1584,1607,False,True,False,True,True,-29.099999999999994,0.5
363,TATAGTCGGAAGCTCTGCCTCCGT,24,1608,1631,False,True,False,True,True,-29.1,0.5416666666666666
364,AGCCAAATCCTGGCTTCTGCCCCT,24,1632,1655,False,True,False,True,True,-32.5,0.5833333333333334
365,CGGCCCCCCAGCTAAATCTGCTGA,24,1656,1679,False,True,False,False,False,-32.300000000000004,0.625
366,GGGACAGGCCTCTCCCCTTTCCTT,24,1680,1703,False,True,False,True,True,-35.2,0.625
367,GGGATGGAGGGGGTGTACGAGGTG,24,1704,1727,False,True,False,True,True,-30.39999999999999,0.6666666666666666
368,TCACAATGTTCTTGAAGAAGTGGA,24,1728,1751,True,True,False,True,True,-23.399999999999995,0.375
369,CTACTGGGTTTTCATCTTGGGTCC,24,1752,1775,False,True,True,True,True,-29.599999999999994,0.5
370,TCTGCGACTTCTGGGGCAGGGAGC,24,1776,1799,False,True,True,True,True,-32.5,0.6666666666666666
371,CGTAGTGGGTAGTTCTTGTGTGTG,24,1800,1823,False,True,False,True,True,-27.299999999999994,0.5
372,AGTCCTTGTACATGTGGCACAGCC,24,1824,1847,False,True,False,True,True,-31.2,0.5416666666666666
373,CGGGACGGCTGCGGGCATGAGAAG,24,1848,1871,False,True,False,True,True,-30.59999999999999,0.7083333333333334
374,GCAGAGGGCTCCGGCTCTGCTTTA,24,1872,1895,False,True,False,True,True,-31.9,0.625
375,GCCAGGGTACCTTGCCAGAGCCCC,24,1896,1919,False,True,False,True,True,-35.599999999999994,0.7083333333333334
376,GCTTGGGCGCACCCCTGTCACCGC,24,1920,1943,False,True,False,True,True,-38.1,0.75
377,TAAAGAAGCGCCCGATGGAGTCAA,24,1944,1967,True,True,False,True,True,-24.400000000000002,0.5
378,GGATGCCCGTGTCTCTGTGCCTTG,24,1968,1991,False,True,False,True,True,-33.900000000000006,0.625
379,GGAGGAAGCCATGCCGGGCATGGT,24,1992,2015,False,True,False,True,True,-31.799999999999997,0.6666666666666666
380,CCATGGTACTTGCTGTGGCCAAGT,24,2016,2039,False,True,True,True,True,-30.299999999999997,0.5416666666666666
381,ACTTGGACCCGTGTCGCTGTGAGG,24,2040,2063,False,True,True,True,True,-32.9,0.625
382,GTCTCTTCTGTGATGCCATCACAT,24,2064,2087,False,True,False,True,True,-30.3,0.4583333333333333
383,CCAGGCCTTCGGAAGCTGCTGTGG,24,2088,2111,False,True,False,True,True,-31.9,0.6666666666666666
384,GATCTTCTTGGATGGTCTGAAGCT,24,2112,2135,False,True,False,True,True,-26.799999999999997,0.4583333333333333
385,CGTCGGACTCTGAGAAGCTCGTCG,24,2136,2159,False,True,False,True,True,-29.599999999999994,0.625
386,CAAAGATCATTGCAAGTTTATTATT,25,0,24,True,True,False,True,True,-18.699999999999996,0.24
387,TTATTTCAATATCCAAGAACAGTAG,25,25,49,True,True,False,True,True,-19.8,0.28
388,GTGCTTCTGTCCAGCCATACTGCAG,25,50,74,False,True,False,True,True,-32.699999999999996,0.56
389,CTGTGCTGTCTGGATGAAGCCATGG,25,75,99,False,True,False,True,True,-30.699999999999992,0.56
390,GCAAGGTCGGTCGTTCAGTCACACC,25,100,124,False,True,False,True,True,-33.0,0.6
391,GGAGGGCGAACACTCCTGTGGAACG,25,125,149,False,True,True,True,True,-31.899999999999995,0.64
392,ATCTGGAGGGTTTGTTTCTGGAAGT,25,150,174,False,True,False,True,True,-27.099999999999994,0.44
393,TTCGTCCCTGCGTTTCTCTTACCCC,25,175,199,False,True,False,True,False,-35.099999999999994,0.56
394,CACATTATTGTGGCAATGCATTAAT,25,200,224,True,True,False,True,True,-23.299999999999997,0.32
395,AGGTGTTATCTTAAACCCACACTCT,25,225,249,False,True,False,True,True,-27.600000000000005,0.4
396,CCTCGGAATTAGAACGGATTAACAA,25,250,274,True,True,False,True,True,-22.7,0.4
397,GATGCGCGTCGGGCTACATCAACCA,25,275,299,False,True,False,True,True,-33.0,0.6
398,TCACCTTCCCTCCTAGGGGGTGACA,25,300,324,False,True,False,True,False,-36.099999999999994,0.6
399,GTGCCAGTGTGGGTCTCTTTGGAAG,25,325,349,False,True,False,True,True,-30.799999999999994,0.56
400,GTCTATAGAAGACATGCTAAATCAA,25,350,374,True,True,False,True,True,-20.400000000000002,0.32
401,AAGACATAGTCAGTACGTTAGAGGG,25,375,399,True,True,False,True,True,-23.999999999999996,0.44
402,ATGGGGAGGTGTCCGTGGACATTAG,25,400,424,False,True,False,True,True,-30.39999999999999,0.56
403,AAGACTGGAATTCTGAGCTCCTCAT,25,425,449,False,True,True,True,True,-27.200000000000003,0.44
404,CCCTGGAGGGTCGCCCAGGCCAGCC,25,450,474,False,True,False,True,True,-39.3,0.8
405,CTGCATCCAGGGCAGCGACTTGATT,25,475,499,False,True,False,True,True,-31.59999999999999,0.56
406,CAGCGACAGGAACCCTCCTAAAACT,25,500,524,True,False,False,True,True,-28.100000000000005,0.52
407,AAGAATGAGTTCTTTCTAAGAGGCA,25,525,549,True,True,False,True,True,-21.8,0.36
408,GGGAATGGTTACTTTTCCACTGAGG,25,550,574,False,True,False,True,True,-28.199999999999996,0.48
409,TTAGTGTGCACCAATGGGCACTGCC,25,575,599,False,True,False,True,True,-32.5,0.56
410,ATGGCGAGCTGCCGCTGACCACCCT,25,600,624,False,True,False,True,True,-37.19999999999999,0.68
411,AAAGTGAGAAGTGGCCAGAGGGACA,25,625,649,True,True,False,True,True,-26.399999999999995,0.52
412,GCACGAGGCCACCAGAGAACTCCTG,25,650,674,False,True,False,True,True,-33.5,0.64
413,CAGTCCCACTTCCTGATGCGCCATG,25,675,699,False,True,False,True,False,-34.8,0.6
414,TCCTTGGACTCTCCCTGGGCTCTGA,25,700,724,False,True,False,True,True,-36.300000000000004,0.6
415,GAGGAAACAGGGTTCTTAAAAGCAC,25,725,749,True,False,False,True,True,-22.299999999999997,0.44
416,CTGCTCTGGGGAGCCACTGAGGAGA,25,750,774,False,True,True,True,True,-33.19999999999999,0.64
417,GATGGTGACCTTCGGCAGCCACACA,25,775,799,False,True,False,True,True,-35.0,0.6
418,TGGCATCTCCAGCGTGTTCCCCTAA,25,800,824,False,True,False,True,True,-33.79999999999999,0.56
419,GTCCCCGTTTCCTGTCGGGTCCATT,25,825,849,False,True,False,False,False,-36.3,0.6
420,GCCCAGCCCGCTCGCCCCTTTCCTT,25,850,874,False,True,False,True,False,-40.2,0.72
421,CCCTCTGCCACGCTCGAAATCAGCT,25,875,899,False,True,False,True,False,-32.99999999999999,0.6
422,GGTGGGGTGCAGGGAACCGCTGGCC,25,900,924,False,True,True,True,True,-36.39999999999999,0.76
423,TGGAAGCGTCCCCAGGGCCACCCCA,25,925,949,False,True,False,True,True,-38.99999999999999,0.72
424,CTCTGGACTCTCACAGCTGCCCAGC,25,950,974,False,True,False,True,True,-35.5,0.64
425,CTGTGCTCACATACCACAAGCCCCC,25,975,999,False,True,False,True,True,-35.199999999999996,0.6
426,GTTGTGTAAGCCACTCCAAGACTGT,25,1000,1024,False,True,True,True,True,-29.3,0.48
427,CTGATCCTGTTAGGAAAAACAAAGC,25,1025,1049,True,False,False,True,True,-21.0,0.4
428,TCTTTAGGGGAAAGAAAACAAAGGA,25,1050,1074,True,False,False,True,True,-18.500000000000004,0.36
429,AGCCTGGACCACACAGTCCCCTGCG,25,1075,1099,False,True,False,True,True,-37.800000000000004,0.68
430,CCATGCTCTCTGGCTCCTTGGCGGT,25,1100,1124,False,True,False,True,True,-35.900000000000006,0.64
431,GTGCCTGTCTATCCGCAGTGCCCAC,25,1125,1149,False,True,False,True,True,-36.2,0.64
432,GGAAGCTGGAGGGGTGCGCCTCGCC,25,1150,1174,False,True,False,True,True,-35.3,0.76
433,GTGAAAAGAAAGTCTGAGGATGGAG,25,1175,1199,True,False,False,True,True,-20.799999999999994,0.44
434,TAGGGGTGAACTTGAAAGGGTGTCC,25,1200,1224,False,True,False,True,True,-27.3,0.52
435,GTGCACCTGAACCTCCGGAGTCGAC,25,1225,1249,False,True,False,True,True,-34.599999999999994,0.64
436,CAAGGTACACGGGGAGCAAGTCGGG,25,1250,1274,False,True,False,True,True,-29.799999999999994,0.64
437,GCAGAGAAGACCCCGAGGAAACTCA,25,1275,1299,True,True,False,True,True,-28.799999999999997,0.56
438,ATCTTCAAATAAAAAGGGACAAACA,25,1300,1324,True,False,False,True,True,-17.5,0.28
439,GTTTTAGCCAGTCAGGGTGCCGTGG,25,1325,1349,False,True,False,True,True,-31.999999999999996,0.6
440,GCCTGGCCCCGCCGCGTTCACAGCC,25,1350,1374,False,True,False,False,False,-40.89999999999999,0.8
441,CCACGGGATTAAGAGAGGGTCTGCT,25,1375,1399,False,True,False,True,True,-29.099999999999998,0.56
442,CTAACTAGCTATTTGGTGCAAGTAG,25,1400,1424,False,True,False,True,True,-22.599999999999998,0.4
443,AATTAAACGTTTAAGGCAGTTATAT,25,1425,1449,True,True,False,True,True,-17.099999999999998,0.24
444,TAAGAAGCCGAGGGCAGGATTCGGG,25,1450,1474,False,True,False,True,True,-27.699999999999992,0.6
445,AAGGCTGAGCAGGGAGGCTCTCAGC,25,1475,1499,False,True,True,True,True,-30.7,0.64
446,GTCTTGCCATGGGAGATCCAGAGCG,25,1500,1524,False,True,True,True,True,-31.69999999999999,0.6
447,GCTGTCTCTTCCTCCCAGCTTAAAG,25,1525,1549,False,True,False,True,True,-30.000000000000004,0.52
448,ATTTTGGAAAGCGTGCCCTGGGCGT,25,1550,1574,False,True,False,True,True,-30.299999999999997,0.56
449,CGTAGGCCCCCTTGAATCCCTTGTG,25,1575,1599,False,True,False,False,False,-33.5,0.6
450,AGCCGATTTATAGTCGGAAGCTCTG,25,1600,1624,False,True,False,True,True,-26.099999999999998,0.48
451,CCTCCGTAGCCAAATCCTGGCTTCT,25,1625,1649,False,True,False,True,False,-31.900000000000002,0.56
452,GCCCCTCGGCCCCCCAGCTAAATCT,25,1650,1674,False,True,False,False,False,-36.899999999999984,0.68
453,GCTGAGGGACAGGCCTCTCCCCTTT,25,1675,1699,False,True,False,True,True,-35.7,0.64
454,CCTTGGGATGGAGGGGGTGTACGAG,25,1700,1724,False,True,False,True,True,-31.499999999999993,0.64
455,GTGTCACAATGTTCTTGAAGAAGTG,25,1725,1749,False,True,False,True,True,-24.499999999999993,0.4
456,GACTACTGGGTTTTCATCTTGGGTC,25,1750,1774,False,True,False,True,True,-30.099999999999994,0.48
457,CTCTGCGACTTCTGGGGCAGGGAGC,25,1775,1799,False,True,False,True,True,-33.8,0.68
458,CGTAGTGGGTAGTTCTTGTGTGTGA,25,1800,1824,False,True,False,True,True,-28.699999999999992,0.48
459,GTCCTTGTACATGTGGCACAGCCCG,25,1825,1849,False,True,False,True,True,-34.5,0.6
460,GGACGGCTGCGGGCATGAGAAGGCA,25,1850,1874,False,True,False,True,True,-32.8,0.68
461,GAGGGCTCCGGCTCTGCTTTAGCCA,25,1875,1899,False,True,False,True,True,-34.199999999999996,0.64
462,GGGTACCTTGCCAGAGCCCCGCTTG,25,1900,1924,False,True,False,True,True,-35.900000000000006,0.68
463,GGCGCACCCCTGTCACCGCTAAAGA,25,1925,1949,False,True,False,False,False,-34.39999999999999,0.64
464,AGCGCCCGATGGAGTCAAGGATGCC,25,1950,1974,False,True,False,True,False,-32.099999999999994,0.64
465,CGTGTCTCTGTGCCTTGGGAGGAAG,25,1975,1999,False,True,False,True,True,-31.099999999999994,0.6
466,CCATGCCGGGCATGGTCCATGGTAC,25,2000,2024,False,True,False,True,True,-35.1,0.64
467,TTGCTGTGGCCAAGTACTTGGACCC,25,2025,2049,False,True,False,True,True,-32.599999999999994,0.56
468,GTGTCGCTGTGAGGGTCTCTTCTGT,25,2050,2074,False,True,False,True,True,-32.8,0.56
469,GATGCCATCACATCCAGGCCTTCGG,25,2075,2099,False,True,False,True,True,-34.2,0.6
470,AAGCTGCTGTGGGATCTTCTTGGAT,25,2100,2124,False,True,False,True,True,-28.79999999999999,0.48
471,GGTCTGAAGCTCGTCGGACTCTGAG,25,2125,2149,False,True,True,True,True,-30.999999999999993,0.6
472,AAGCTCGTCGGACTCTGAGGGCCTG,25,2150,2174,False,True,False,True,True,-32.6,0.64
473,CAAAGATCATTGCAAGTTTATTATTT,26,0,25,True,True,False,True,True,-19.399999999999995,0.23076923076923078
474,TATTTCAATATCCAAGAACAGTAGGT,26,26,51,True,True,False,True,True,-22.3,0.3076923076923077
475,GCTTCTGTCCAGCCATACTGCAGCTG,26,52,77,False,True,False,True,True,-34.5,0.5769230769230769
476,TGCTGTCTGGATGAAGCCATGGGCAA,26,78,103,False,True,False,True,True,-31.799999999999997,0.5384615384615384
477,GGTCGGTCGTTCAGTCACACCGGAGG,26,104,129,False,True,True,True,True,-35.8,0.6538461538461539
478,GCGAACACTCCTGTGGAACGATCTGG,26,130,155,False,True,True,True,False,-32.49999999999999,0.5769230769230769
479,AGGGTTTGTTTCTGGAAGTTTCGTCC,26,156,181,False,True,False,True,True,-29.199999999999996,0.46153846153846156
480,CTGCGTTTCTCTTACCCCCACATTAT,26,182,207,False,True,False,True,True,-32.800000000000004,0.46153846153846156
481,TGTGGCAATGCATTAATAGGTGTTAT,26,208,233,False,True,False,True,True,-24.399999999999995,0.34615384615384615
482,CTTAAACCCACACTCTCCTCGGAATT,26,234,259,False,True,False,True,False,-30.199999999999996,0.46153846153846156
483,AGAACGGATTAACAAGATGCGCGTCG,26,260,285,True,True,False,True,True,-26.299999999999997,0.5
484,GGCTACATCAACCATCACCTTCCCTC,26,286,311,False,True,False,True,True,-35.199999999999996,0.5384615384615384
485,CTAGGGGGTGACAGTGCCAGTGTGGG,26,312,337,False,True,False,True,True,-34.300000000000004,0.6538461538461539
486,TCTCTTTGGAAGGTCTATAGAAGACA,26,338,363,True,True,False,True,True,-25.299999999999994,0.38461538461538464
487,TGCTAAATCAAAAGACATAGTCAGTA,26,364,389,True,False,False,True,True,-20.6,0.3076923076923077
488,CGTTAGAGGGATGGGGAGGTGTCCGT,26,390,415,False,True,False,True,True,-32.19999999999999,0.6153846153846154
489,GGACATTAGAAGACTGGAATTCTGAG,26,416,441,True,True,False,True,True,-24.799999999999997,0.4230769230769231
490,CTCCTCATCCCTGGAGGGTCGCCCAG,26,442,467,False,True,False,True,False,-38.39999999999999,0.6923076923076923
491,GCCAGCCCTGCATCCAGGGCAGCGAC,26,468,493,False,True,False,True,False,-38.8,0.7307692307692307
492,TTGATTCAGCGACAGGAACCCTCCTA,26,494,519,False,True,False,True,True,-31.900000000000002,0.5
493,AAACTAAGAATGAGTTCTTTCTAAGA,26,520,545,True,True,False,True,True,-18.899999999999995,0.2692307692307692
494,GGCAGGGAATGGTTACTTTTCCACTG,26,546,571,False,True,False,True,True,-30.4,0.5
495,AGGTTAGTGTGCACCAATGGGCACTG,26,572,597,False,True,False,True,True,-31.799999999999997,0.5384615384615384
496,CCATGGCGAGCTGCCGCTGACCACCC,26,598,623,False,True,False,True,True,-39.79999999999999,0.7307692307692307
497,TAAAGTGAGAAGTGGCCAGAGGGACA,26,624,649,True,True,False,True,True,-26.899999999999995,0.5
498,GCACGAGGCCACCAGAGAACTCCTGC,26,650,675,False,True,False,True,True,-35.5,0.6538461538461539
499,AGTCCCACTTCCTGATGCGCCATGTC,26,676,701,False,True,False,True,False,-36.199999999999996,0.5769230769230769
500,CTTGGACTCTCCCTGGGCTCTGAGAG,26,702,727,False,True,False,True,True,-34.699999999999996,0.6153846153846154
501,GAAACAGGGTTCTTAAAAGCACCTGC,26,728,753,True,False,True,True,True,-25.6,0.46153846153846156
502,TCTGGGGAGCCACTGAGGAGAGATGG,26,754,779,False,True,False,True,True,-32.499999999999986,0.6153846153846154
503,TGACCTTCGGCAGCCACACATGGCAT,26,780,805,False,True,False,True,True,-36.1,0.5769230769230769
504,CTCCAGCGTGTTCCCCTAAGTCCCCG,26,806,831,False,True,False,True,True,-37.099999999999994,0.6538461538461539
505,TTTCCTGTCGGGTCCATTGCCCAGCC,26,832,857,False,True,False,True,True,-37.599999999999994,0.6153846153846154
506,CGCTCGCCCCTTTCCTTCCCTCTGCC,26,858,883,False,True,False,False,False,-40.699999999999996,0.6923076923076923
507,ACGCTCGAAATCAGCTGGTGGGGTGC,26,884,909,False,True,True,True,True,-32.599999999999994,0.6153846153846154
508,AGGGAACCGCTGGCCTGGAAGCGTCC,26,910,935,False,True,False,True,True,-35.099999999999994,0.6923076923076923
509,CCAGGGCCACCCCACTCTGGACTCTC,26,936,961,False,True,False,True,False,-40.3,0.6923076923076923
510,ACAGCTGCCCAGCCTGTGCTCACATA,26,962,987,False,True,False,True,False,-36.3,0.5769230769230769
511,CCACAAGCCCCCGTTGTGTAAGCCAC,26,988,1013,False,True,False,False,False,-35.3,0.6153846153846154
512,TCCAAGACTGTCTGATCCTGTTAGGA,26,1014,1039,False,True,True,True,True,-30.699999999999996,0.46153846153846156
513,AAAACAAAGCTCTTTAGGGGAAAGAA,26,1040,1065,True,False,False,True,True,-18.499999999999996,0.34615384615384615
514,AACAAAGGAAGCCTGGACCACACAGT,26,1066,1091,True,True,True,True,True,-29.2,0.5
515,CCCCTGCGCCATGCTCTCTGGCTCCT,26,1092,1117,False,True,False,False,False,-40.49999999999999,0.6923076923076923
516,TGGCGGTGTGCCTGTCTATCCGCAGT,26,1118,1143,False,True,True,True,True,-36.099999999999994,0.6153846153846154
517,GCCCACGGAAGCTGGAGGGGTGCGCC,26,1144,1169,False,True,False,True,False,-37.79999999999999,0.7692307692307693
518,TCGCCGTGAAAAGAAAGTCTGAGGAT,26,1170,1195,True,False,False,True,True,-24.7,0.46153846153846156
519,GGAGTAGGGGTGAACTTGAAAGGGTG,26,1196,1221,False,True,False,True,True,-26.999999999999996,0.5384615384615384
520,TCCGTGCACCTGAACCTCCGGAGTCG,26,1222,1247,False,True,False,True,True,-36.99999999999999,0.6538461538461539
521,ACCAAGGTACACGGGGAGCAAGTCGG,26,1248,1273,True,True,True,True,True,-31.799999999999994,0.6153846153846154
522,GGCAGAGAAGACCCCGAGGAAACTCA,26,1274,1299,True,True,True,True,True,-30.5,0.5769230769230769
523,ATCTTCAAATAAAAAGGGACAAACAG,26,1300,1325,True,False,False,True,True,-17.9,0.3076923076923077
524,TTTTAGCCAGTCAGGGTGCCGTGGGC,26,1326,1351,False,True,True,True,True,-34.199999999999996,0.6153846153846154
525,CTGGCCCCGCCGCGTTCACAGCCCCA,26,1352,1377,False,True,False,False,False,-42.79999999999999,0.7692307692307693
526,CGGGATTAAGAGAGGGTCTGCTCTAA,26,1378,1403,False,True,False,True,True,-26.900000000000002,0.5
527,CTAGCTATTTGGTGCAAGTAGAATTA,26,1404,1429,True,True,False,True,True,-22.399999999999995,0.34615384615384615
528,AACGTTTAAGGCAGTTATATTAAGAA,26,1430,1455,True,True,False,True,True,-18.5,0.2692307692307692
529,GCCGAGGGCAGGATTCGGGAAGGCTG,26,1456,1481,False,True,False,True,True,-33.19999999999999,0.6923076923076923
530,AGCAGGGAGGCTCTCAGCGTCTTGCC,26,1482,1507,False,True,False,True,True,-34.8,0.6538461538461539
531,ATGGGAGATCCAGAGCGGCTGTCTCT,26,1508,1533,False,True,True,True,True,-32.9,0.5769230769230769
532,TCCTCCCAGCTTAAAGATTTTGGAAA,26,1534,1559,True,True,True,True,False,-25.499999999999993,0.38461538461538464
533,GCGTGCCCTGGGCGTCGTAGGCCCCC,26,1560,1585,False,True,False,True,True,-41.69999999999999,0.8076923076923077
534,TTGAATCCCTTGTGAGCCGATTTATA,26,1586,1611,False,True,False,True,True,-27.59999999999999,0.38461538461538464
535,GTCGGAAGCTCTGCCTCCGTAGCCAA,26,1612,1637,False,True,False,True,True,-33.9,0.6153846153846154
536,ATCCTGGCTTCTGCCCCTCGGCCCCC,26,1638,1663,False,True,False,True,True,-42.39999999999999,0.7307692307692307
537,CAGCTAAATCTGCTGAGGGACAGGCC,26,1664,1689,False,True,True,True,True,-30.299999999999994,0.5769230769230769
538,TCTCCCCTTTCCTTGGGATGGAGGGG,26,1690,1715,False,True,True,False,False,-35.9,0.6153846153846154
539,GTGTACGAGGTGTCACAATGTTCTTG,26,1716,1741,False,True,False,True,True,-29.599999999999998,0.46153846153846156
540,AAGAAGTGGACTACTGGGTTTTCATC,26,1742,1767,False,True,False,True,True,-26.7,0.4230769230769231
541,TTGGGTCCTCTGCGACTTCTGGGGCA,26,1768,1793,False,True,True,True,True,-36.8,0.6153846153846154
542,GGGAGCCGTAGTGGGTAGTTCTTGTG,26,1794,1819,False,True,False,True,True,-31.399999999999995,0.5769230769230769
543,TGTGAGTCCTTGTACATGTGGCACAG,26,1820,1845,False,True,False,True,True,-32.199999999999996,0.5
544,CCCGGGACGGCTGCGGGCATGAGAAG,26,1846,1871,False,True,True,True,True,-35.19999999999999,0.7307692307692307
545,GCAGAGGGCTCCGGCTCTGCTTTAGC,26,1872,1897,False,True,False,True,True,-34.3,0.6538461538461539
546,CAGGGTACCTTGCCAGAGCCCCGCTT,26,1898,1923,False,True,False,True,True,-36.7,0.6538461538461539
547,GGGCGCACCCCTGTCACCGCTAAAGA,26,1924,1949,False,True,False,False,False,-36.099999999999994,0.6538461538461539
548,AGCGCCCGATGGAGTCAAGGATGCCC,26,1950,1975,False,True,False,True,False,-34.39999999999999,0.6538461538461539
549,GTGTCTCTGTGCCTTGGGAGGAAGCC,26,1976,2001,False,True,True,True,True,-33.99999999999999,0.6153846153846154
550,ATGCCGGGCATGGTCCATGGTACTTG,26,2002,2027,False,True,True,True,True,-34.4,0.5769230769230769
551,CTGTGGCCAAGTACTTGGACCCGTGT,26,2028,2053,False,True,True,True,True,-34.3,0.5769230769230769
552,CGCTGTGAGGGTCTCTTCTGTGATGC,26,2054,2079,False,True,True,True,True,-33.3,0.5769230769230769
553,CATCACATCCAGGCCTTCGGAAGCTG,26,2080,2105,False,True,False,True,True,-33.0,0.5769230769230769
554,CTGTGGGATCTTCTTGGATGGTCTGA,26,2106,2131,False,True,False,True,True,-31.89999999999999,0.5
555,AGCTCGTCGGACTCTGAGAAGCTCGT,26,2132,2157,False,True,True,True,True,-31.899999999999995,0.5769230769230769
556,CGGACTCTGAGGGCCTGTCTTT,22,2158,2179,False,True,True,True,True,-28.9,0.5909090909090909
557,CAAAGATCATTGCAAGTTTATTATTTT,27,0,26,True,True,False,True,True,-20.099999999999994,0.2222222222222222
558,ATTTCAATATCCAAGAACAGTAGGTGC,27,27,53,True,True,False,True,True,-25.0,0.37037037037037035
559,TTCTGTCCAGCCATACTGCAGCTGTGC,27,54,80,False,True,False,True,True,-35.900000000000006,0.5555555555555556
560,TGTCTGGATGAAGCCATGGGCAAGGTC,27,81,107,False,True,False,True,True,-32.4,0.5555555555555556
561,GGTCGTTCAGTCACACCGGAGGGCGAA,27,108,134,False,True,True,True,True,-35.999999999999986,0.6296296296296297
562,CACTCCTGTGGAACGATCTGGAGGGTT,27,135,161,False,True,True,True,False,-33.89999999999999,0.5555555555555556
563,TGTTTCTGGAAGTTTCGTCCCTGCGTT,27,162,188,False,True,True,True,True,-32.900000000000006,0.48148148148148145
564,TCTCTTACCCCCACATTATTGTGGCAA,27,189,215,False,True,False,False,False,-33.699999999999996,0.4444444444444444
565,TGCATTAATAGGTGTTATCTTAAACCC,27,216,242,True,True,False,True,True,-24.6,0.3333333333333333
566,ACACTCTCCTCGGAATTAGAACGGATT,27,243,269,True,True,True,True,False,-29.599999999999987,0.4444444444444444
567,AACAAGATGCGCGTCGGGCTACATCAA,27,270,296,True,True,True,True,True,-30.7,0.5185185185185185
568,CCATCACCTTCCCTCCTAGGGGGTGAC,27,297,323,False,True,False,True,True,-38.800000000000004,0.6296296296296297
569,AGTGCCAGTGTGGGTCTCTTTGGAAGG,27,324,350,False,True,False,True,True,-32.9,0.5555555555555556
570,TCTATAGAAGACATGCTAAATCAAAAG,27,351,377,True,False,False,True,True,-18.900000000000002,0.2962962962962963
571,ACATAGTCAGTACGTTAGAGGGATGGG,27,378,404,True,True,False,True,True,-28.79999999999999,0.48148148148148145
572,GAGGTGTCCGTGGACATTAGAAGACTG,27,405,431,False,True,False,True,True,-30.59999999999999,0.5185185185185185
573,GAATTCTGAGCTCCTCATCCCTGGAGG,27,432,458,False,True,False,True,True,-33.800000000000004,0.5555555555555556
574,GTCGCCCAGGCCAGCCCTGCATCCAGG,27,459,485,False,True,False,True,False,-41.6,0.7407407407407407
575,GCAGCGACTTGATTCAGCGACAGGAAC,27,486,512,True,True,True,True,True,-31.89999999999999,0.5555555555555556
576,CCTCCTAAAACTAAGAATGAGTTCTTT,27,513,539,True,False,True,True,False,-23.0,0.3333333333333333
577,CTAAGAGGCAGGGAATGGTTACTTTTC,27,540,566,False,True,False,True,True,-26.399999999999995,0.4444444444444444
578,CACTGAGGTTAGTGTGCACCAATGGGC,27,567,593,False,True,True,True,True,-33.199999999999996,0.5555555555555556
579,ACTGCCATGGCGAGCTGCCGCTGACCA,27,594,620,False,True,False,True,True,-39.69999999999999,0.6666666666666666
580,CCCTAAAGTGAGAAGTGGCCAGAGGGA,27,621,647,True,True,False,True,True,-29.799999999999997,0.5555555555555556
581,CAGCACGAGGCCACCAGAGAACTCCTG,27,648,674,True,True,False,True,True,-35.49999999999999,0.6296296296296297
582,CAGTCCCACTTCCTGATGCGCCATGTC,27,675,701,False,True,False,True,False,-37.8,0.5925925925925926
583,CTTGGACTCTCCCTGGGCTCTGAGAGG,27,702,728,False,True,False,True,True,-36.4,0.6296296296296297
584,AAACAGGGTTCTTAAAAGCACCTGCTC,27,729,755,True,False,True,True,True,-27.000000000000004,0.4444444444444444
585,TGGGGAGCCACTGAGGAGAGATGGTGA,27,756,782,False,True,False,True,True,-33.79999999999998,0.5925925925925926
586,CCTTCGGCAGCCACACATGGCATCTCC,27,783,809,False,True,False,True,True,-38.699999999999996,0.6296296296296297
587,AGCGTGTTCCCCTAAGTCCCCGTTTCC,27,810,836,False,True,False,False,True,-37.1,0.5925925925925926
588,TGTCGGGTCCATTGCCCAGCCCGCTCG,27,837,863,False,True,False,True,True,-40.99999999999999,0.7037037037037037
589,CCCCTTTCCTTCCCTCTGCCACGCTCG,27,864,890,False,True,False,False,False,-41.699999999999996,0.6666666666666666
590,AAATCAGCTGGTGGGGTGCAGGGAACC,27,891,917,False,True,False,True,True,-32.49999999999999,0.5925925925925926
591,GCTGGCCTGGAAGCGTCCCCAGGGCCA,27,918,944,False,True,False,True,True,-40.9,0.7407407407407407
592,CCCCACTCTGGACTCTCACAGCTGCCC,27,945,971,False,True,False,False,False,-41.39999999999999,0.6666666666666666
593,AGCCTGTGCTCACATACCACAAGCCCC,27,972,998,False,True,False,True,True,-37.599999999999994,0.5925925925925926
594,CGTTGTGTAAGCCACTCCAAGACTGTC,27,999,1025,False,True,False,True,True,-32.2,0.5185185185185185
595,TGATCCTGTTAGGAAAAACAAAGCTCT,27,1026,1052,True,False,False,True,True,-23.800000000000004,0.37037037037037035
596,TTAGGGGAAAGAAAACAAAGGAAGCCT,27,1053,1079,True,False,False,True,True,-20.800000000000004,0.4074074074074074
597,GGACCACACAGTCCCCTGCGCCATGCT,27,1080,1106,False,True,False,True,False,-41.4,0.6666666666666666
598,CTCTGGCTCCTTGGCGGTGTGCCTGTC,27,1107,1133,False,True,False,True,True,-39.3,0.6666666666666666
599,TATCCGCAGTGCCCACGGAAGCTGGAG,27,1134,1160,False,True,False,True,True,-35.099999999999994,0.6296296296296297
600,GGGTGCGCCTCGCCGTGAAAAGAAAGT,27,1161,1187,False,False,True,True,False,-30.499999999999996,0.5925925925925926
601,CTGAGGATGGAGTAGGGGTGAACTTGA,27,1188,1214,False,True,False,True,True,-29.899999999999995,0.5185185185185185
602,AAGGGTGTCCGTGCACCTGAACCTCCG,27,1215,1241,False,True,False,True,True,-36.9,0.6296296296296297
603,GAGTCGACCAAGGTACACGGGGAGCAA,27,1242,1268,True,True,True,True,True,-32.89999999999999,0.5925925925925926
604,GTCGGGGCAGAGAAGACCCCGAGGAAA,27,1269,1295,True,True,True,True,True,-32.499999999999986,0.6296296296296297
605,CTCAATCTTCAAATAAAAAGGGACAAA,27,1296,1322,True,False,False,True,True,-18.700000000000003,0.2962962962962963
606,CAGTTTTAGCCAGTCAGGGTGCCGTGG,27,1323,1349,False,True,True,True,True,-34.0,0.5925925925925926
607,GCCTGGCCCCGCCGCGTTCACAGCCCC,27,1350,1376,False,True,False,False,False,-45.499999999999986,0.8148148148148148
608,ACGGGATTAAGAGAGGGTCTGCTCTAA,27,1377,1403,True,True,False,True,True,-28.300000000000004,0.48148148148148145
609,CTAGCTATTTGGTGCAAGTAGAATTAA,27,1404,1430,True,True,False,True,True,-22.199999999999996,0.3333333333333333
610,ACGTTTAAGGCAGTTATATTAAGAAGC,27,1431,1457,True,True,False,True,True,-21.099999999999994,0.3333333333333333
611,CGAGGGCAGGATTCGGGAAGGCTGAGC,27,1458,1484,False,True,False,True,True,-32.69999999999999,0.6666666666666666
612,AGGGAGGCTCTCAGCGTCTTGCCATGG,27,1485,1511,False,True,True,True,True,-35.7,0.6296296296296297
613,GAGATCCAGAGCGGCTGTCTCTTCCTC,27,1512,1538,False,True,False,True,True,-35.199999999999996,0.5925925925925926
614,CCAGCTTAAAGATTTTGGAAAGCGTGC,27,1539,1565,True,True,False,True,True,-25.099999999999994,0.4444444444444444
615,CCTGGGCGTCGTAGGCCCCCTTGAATC,27,1566,1592,False,True,False,True,True,-37.6,0.6666666666666666
616,CCTTGTGAGCCGATTTATAGTCGGAAG,27,1593,1619,False,True,False,True,True,-28.39999999999999,0.48148148148148145
617,CTCTGCCTCCGTAGCCAAATCCTGGCT,27,1620,1646,False,True,False,True,False,-35.699999999999996,0.5925925925925926
618,TCTGCCCCTCGGCCCCCCAGCTAAATC,27,1647,1673,False,True,False,False,False,-39.599999999999994,0.6666666666666666
619,TGCTGAGGGACAGGCCTCTCCCCTTTC,27,1674,1700,False,True,False,True,True,-38.400000000000006,0.6296296296296297
620,CTTGGGATGGAGGGGGTGTACGAGGTG,27,1701,1727,False,True,False,True,True,-33.599999999999994,0.6296296296296297
621,TCACAATGTTCTTGAAGAAGTGGACTA,27,1728,1754,True,True,False,True,True,-26.599999999999994,0.37037037037037035
622,CTGGGTTTTCATCTTGGGTCCTCTGCG,27,1755,1781,False,True,True,True,True,-35.1,0.5555555555555556
623,ACTTCTGGGGCAGGGAGCCGTAGTGGG,27,1782,1808,False,True,False,True,True,-35.9,0.6666666666666666
624,TAGTTCTTGTGTGTGAGTCCTTGTACA,27,1809,1835,False,True,False,True,True,-31.199999999999996,0.4074074074074074
625,TGTGGCACAGCCCGGGACGGCTGCGGG,27,1836,1862,False,True,False,True,True,-41.2,0.7777777777777778
626,CATGAGAAGGCAGAGGGCTCCGGCTCT,27,1863,1889,False,True,True,True,True,-33.8,0.6296296296296297
627,GCTTTAGCCAGGGTACCTTGCCAGAGC,27,1890,1916,False,True,False,True,True,-34.3,0.5925925925925926
628,CCCGCTTGGGCGCACCCCTGTCACCGC,27,1917,1943,False,True,False,True,False,-44.099999999999994,0.7777777777777778
629,TAAAGAAGCGCCCGATGGAGTCAAGGA,27,1944,1970,True,True,False,True,True,-27.9,0.5185185185185185
630,TGCCCGTGTCTCTGTGCCTTGGGAGGA,27,1971,1997,False,True,True,True,True,-38.7,0.6296296296296297
631,AGCCATGCCGGGCATGGTCCATGGTAC,27,1998,2024,False,True,False,True,True,-37.5,0.6296296296296297
632,TTGCTGTGGCCAAGTACTTGGACCCGT,27,2025,2051,False,True,True,True,True,-35.49999999999999,0.5555555555555556
633,GTCGCTGTGAGGGTCTCTTCTGTGATG,27,2052,2078,False,True,False,True,True,-34.300000000000004,0.5555555555555556
634,CCATCACATCCAGGCCTTCGGAAGCTG,27,2079,2105,False,True,False,True,True,-35.3,0.5925925925925926
635,CTGTGGGATCTTCTTGGATGGTCTGAA,27,2106,2132,False,True,False,True,True,-31.699999999999992,0.48148148148148145
636,GCTCGTCGGACTCTGAGAAGCTCGTCG,27,2133,2159,False,True,False,True,True,-34.39999999999999,0.6296296296296297
637,CAAAGATCATTGCAAGTTTATTATTTTA,28,0,27,True,True,False,True,True,-20.599999999999994,0.21428571428571427
638,TTTCAATATCCAAGAACAGTAGGTGCTT,28,28,55,True,True,False,True,True,-26.6,0.35714285714285715
639,CTGTCCAGCCATACTGCAGCTGTGCTGT,28,56,83,False,True,False,True,False,-37.7,0.5714285714285714
640,CTGGATGAAGCCATGGGCAAGGTCGGTC,28,84,111,False,True,False,True,True,-34.3,0.6071428571428571
641,GTTCAGTCACACCGGAGGGCGAACACTC,28,112,139,False,True,False,True,True,-37.09999999999999,0.6071428571428571
642,CTGTGGAACGATCTGGAGGGTTTGTTTC,28,140,167,False,True,False,True,True,-32.099999999999994,0.5
643,TGGAAGTTTCGTCCCTGCGTTTCTCTTA,28,168,195,False,True,True,True,True,-33.5,0.4642857142857143
644,CCCCCACATTATTGTGGCAATGCATTAA,28,196,223,True,True,False,False,False,-32.099999999999994,0.42857142857142855
645,TAGGTGTTATCTTAAACCCACACTCTCC,28,224,251,False,True,False,True,True,-31.900000000000006,0.42857142857142855
646,TCGGAATTAGAACGGATTAACAAGATGC,28,252,279,True,True,False,True,True,-24.5,0.39285714285714285
647,GCGTCGGGCTACATCAACCATCACCTTC,28,280,307,False,True,False,True,True,-37.3,0.5714285714285714
648,CCTCCTAGGGGGTGACAGTGCCAGTGTG,28,308,335,False,True,True,True,False,-38.3,0.6428571428571429
649,GGTCTCTTTGGAAGGTCTATAGAAGACA,28,336,363,True,True,False,True,True,-28.499999999999993,0.42857142857142855
650,TGCTAAATCAAAAGACATAGTCAGTACG,28,364,391,True,False,False,True,True,-23.4,0.35714285714285715
651,TTAGAGGGATGGGGAGGTGTCCGTGGAC,28,392,419,False,True,False,True,True,-34.99999999999999,0.6071428571428571
652,ATTAGAAGACTGGAATTCTGAGCTCCTC,28,420,447,True,True,False,True,True,-28.6,0.42857142857142855
653,ATCCCTGGAGGGTCGCCCAGGCCAGCCC,28,448,475,False,True,False,True,True,-43.499999999999986,0.75
654,TGCATCCAGGGCAGCGACTTGATTCAGC,28,476,503,False,True,False,True,True,-35.79999999999999,0.5714285714285714
655,GACAGGAACCCTCCTAAAACTAAGAATG,28,504,531,True,False,True,True,True,-26.2,0.42857142857142855
656,AGTTCTTTCTAAGAGGCAGGGAATGGTT,28,532,559,False,True,False,True,True,-27.899999999999995,0.42857142857142855
657,ACTTTTCCACTGAGGTTAGTGTGCACCA,28,560,587,False,True,True,True,True,-35.0,0.4642857142857143
658,ATGGGCACTGCCATGGCGAGCTGCCGCT,28,588,615,False,True,False,True,True,-40.399999999999984,0.6785714285714286
659,GACCACCCTAAAGTGAGAAGTGGCCAGA,28,616,643,True,True,True,True,False,-32.699999999999996,0.5357142857142857
660,GGGACAGCACGAGGCCACCAGAGAACTC,28,644,671,True,True,False,True,True,-36.89999999999999,0.6428571428571429
661,CTGCAGTCCCACTTCCTGATGCGCCATG,28,672,699,False,True,False,True,True,-39.3,0.6071428571428571
662,TCCTTGGACTCTCCCTGGGCTCTGAGAG,28,700,727,False,True,False,True,True,-38.5,0.6071428571428571
663,GAAACAGGGTTCTTAAAAGCACCTGCTC,28,728,755,True,False,True,True,True,-28.400000000000002,0.4642857142857143
664,TGGGGAGCCACTGAGGAGAGATGGTGAC,28,756,783,False,True,False,True,True,-35.19999999999998,0.6071428571428571
665,CTTCGGCAGCCACACATGGCATCTCCAG,28,784,811,False,True,False,True,True,-38.4,0.6071428571428571
666,CGTGTTCCCCTAAGTCCCCGTTTCCTGT,28,812,839,False,True,False,False,False,-38.699999999999996,0.5714285714285714
667,CGGGTCCATTGCCCAGCCCGCTCGCCCC,28,840,867,False,True,False,True,True,-45.69999999999998,0.7857142857142857
668,TTTCCTTCCCTCTGCCACGCTCGAAATC,28,868,895,False,True,False,True,False,-36.39999999999999,0.5357142857142857
669,AGCTGGTGGGGTGCAGGGAACCGCTGGC,28,896,923,False,True,False,True,True,-39.0,0.7142857142857143
670,CTGGAAGCGTCCCCAGGGCCACCCCACT,28,924,951,False,True,False,True,True,-42.99999999999999,0.7142857142857143
671,CTGGACTCTCACAGCTGCCCAGCCTGTG,28,952,979,False,True,False,True,True,-40.2,0.6428571428571429
672,CTCACATACCACAAGCCCCCGTTGTGTA,28,980,1007,False,True,False,True,True,-37.50000000000001,0.5357142857142857
673,AGCCACTCCAAGACTGTCTGATCCTGTT,28,1008,1035,False,True,False,True,False,-35.7,0.5
674,AGGAAAAACAAAGCTCTTTAGGGGAAAG,28,1036,1063,True,False,False,True,True,-20.599999999999998,0.39285714285714285
675,AAAACAAAGGAAGCCTGGACCACACAGT,28,1064,1091,True,False,True,True,True,-28.8,0.4642857142857143
676,CCCCTGCGCCATGCTCTCTGGCTCCTTG,28,1092,1119,False,True,False,False,False,-42.4,0.6785714285714286
677,GCGGTGTGCCTGTCTATCCGCAGTGCCC,28,1120,1147,False,True,False,True,True,-41.0,0.6785714285714286
678,ACGGAAGCTGGAGGGGTGCGCCTCGCCG,28,1148,1175,False,True,False,True,True,-39.49999999999999,0.75
679,TGAAAAGAAAGTCTGAGGATGGAGTAGG,28,1176,1203,True,False,False,True,True,-23.399999999999995,0.42857142857142855
680,GGTGAACTTGAAAGGGTGTCCGTGCACC,28,1204,1231,False,True,False,True,True,-34.4,0.5714285714285714
681,TGAACCTCCGGAGTCGACCAAGGTACAC,28,1232,1259,True,True,False,True,False,-35.49999999999999,0.5714285714285714
682,GGGGAGCAAGTCGGGGCAGAGAAGACCC,28,1260,1287,True,True,False,True,True,-34.999999999999986,0.6785714285714286
683,CGAGGAAACTCAATCTTCAAATAAAAAG,28,1288,1315,True,False,False,True,True,-18.6,0.32142857142857145
684,GGACAAACAGTTTTAGCCAGTCAGGGTG,28,1316,1343,True,True,False,True,True,-30.999999999999996,0.5
685,CCGTGGGCCTGGCCCCGCCGCGTTCACA,28,1344,1371,False,True,False,True,True,-46.0,0.7857142857142857
686,GCCCCACGGGATTAAGAGAGGGTCTGCT,28,1372,1399,False,True,True,False,False,-35.69999999999999,0.6071428571428571
687,CTAACTAGCTATTTGGTGCAAGTAGAAT,28,1400,1427,True,True,False,True,True,-24.199999999999996,0.35714285714285715
688,TAAACGTTTAAGGCAGTTATATTAAGAA,28,1428,1455,True,True,False,True,True,-18.799999999999997,0.25
689,GCCGAGGGCAGGATTCGGGAAGGCTGAG,28,1456,1483,False,True,False,True,True,-34.999999999999986,0.6785714285714286
690,CAGGGAGGCTCTCAGCGTCTTGCCATGG,28,1484,1511,False,True,False,True,True,-37.300000000000004,0.6428571428571429
691,GAGATCCAGAGCGGCTGTCTCTTCCTCC,28,1512,1539,False,True,False,True,True,-37.49999999999999,0.6071428571428571
692,CAGCTTAAAGATTTTGGAAAGCGTGCCC,28,1540,1567,True,True,False,True,True,-27.4,0.4642857142857143
693,TGGGCGTCGTAGGCCCCCTTGAATCCCT,28,1568,1595,False,True,False,True,True,-39.89999999999999,0.6428571428571429
694,TGTGAGCCGATTTATAGTCGGAAGCTCT,28,1596,1623,False,True,False,True,True,-30.199999999999996,0.4642857142857143
695,GCCTCCGTAGCCAAATCCTGGCTTCTGC,28,1624,1651,False,True,False,True,False,-37.1,0.6071428571428571
696,CCCTCGGCCCCCCAGCTAAATCTGCTGA,28,1652,1679,False,True,False,False,False,-39.7,0.6428571428571429
697,GGGACAGGCCTCTCCCCTTTCCTTGGGA,28,1680,1707,False,True,False,True,True,-41.20000000000001,0.6428571428571429
698,TGGAGGGGGTGTACGAGGTGTCACAATG,28,1708,1735,False,True,False,True,True,-34.19999999999999,0.5714285714285714
699,TTCTTGAAGAAGTGGACTACTGGGTTTT,28,1736,1763,False,True,False,True,True,-28.499999999999996,0.39285714285714285
700,CATCTTGGGTCCTCTGCGACTTCTGGGG,28,1764,1791,False,True,False,True,True,-38.00000000000001,0.6071428571428571
701,CAGGGAGCCGTAGTGGGTAGTTCTTGTG,28,1792,1819,False,True,False,True,True,-33.4,0.5714285714285714
702,TGTGAGTCCTTGTACATGTGGCACAGCC,28,1820,1847,False,True,True,True,True,-36.49999999999999,0.5357142857142857
703,CGGGACGGCTGCGGGCATGAGAAGGCAG,28,1848,1875,False,True,False,True,True,-36.29999999999999,0.7142857142857143
704,AGGGCTCCGGCTCTGCTTTAGCCAGGGT,28,1876,1903,False,True,False,True,True,-38.1,0.6428571428571429
705,ACCTTGCCAGAGCCCCGCTTGGGCGCAC,28,1904,1931,False,True,False,True,True,-42.300000000000004,0.7142857142857143
706,CCCTGTCACCGCTAAAGAAGCGCCCGAT,28,1932,1959,False,True,False,True,True,-35.39999999999999,0.6071428571428571
707,GGAGTCAAGGATGCCCGTGTCTCTGTGC,28,1960,1987,False,True,True,True,True,-36.7,0.6071428571428571
708,CTTGGGAGGAAGCCATGCCGGGCATGGT,28,1988,2015,False,True,False,True,True,-36.7,0.6428571428571429
709,CCATGGTACTTGCTGTGGCCAAGTACTT,28,2016,2043,False,True,True,True,True,-34.199999999999996,0.5
710,GGACCCGTGTCGCTGTGAGGGTCTCTTC,28,2044,2071,False,True,False,True,True,-39.29999999999999,0.6428571428571429
711,TGTGATGCCATCACATCCAGGCCTTCGG,28,2072,2099,False,True,False,True,True,-38.10000000000001,0.5714285714285714
712,AAGCTGCTGTGGGATCTTCTTGGATGGT,28,2100,2127,False,True,False,True,True,-33.19999999999999,0.5
713,CTGAAGCTCGTCGGACTCTGAGAAGCTC,28,2128,2155,False,True,False,True,True,-32.69999999999999,0.5714285714285714
714,GTCGGACTCTGAGGGCCTGTCTTT,24,2156,2179,False,True,True,True,True,-31.9,0.5833333333333334
715,CAAAGATCATTGCAAGTTTATTATTTTAT,29,0,28,True,True,False,True,True,-20.999999999999993,0.20689655172413793
716,TTCAATATCCAAGAACAGTAGGTGCTTCT,29,29,57,True,True,False,True,True,-28.7,0.3793103448275862
717,GTCCAGCCATACTGCAGCTGTGCTGTCTG,29,58,86,False,True,False,True,False,-39.2,0.5862068965517241
718,GATGAAGCCATGGGCAAGGTCGGTCGTTC,29,87,115,False,True,False,True,True,-35.2,0.5862068965517241
719,AGTCACACCGGAGGGCGAACACTCCTGTG,29,116,144,False,True,False,True,False,-39.3,0.6206896551724138
720,GAACGATCTGGAGGGTTTGTTTCTGGAAG,29,145,173,False,True,False,True,True,-30.999999999999993,0.4827586206896552
721,TTTCGTCCCTGCGTTTCTCTTACCCCCAC,29,174,202,False,True,False,True,False,-41.09999999999999,0.5517241379310345
722,ATTATTGTGGCAATGCATTAATAGGTGTT,29,203,231,False,True,False,True,True,-26.199999999999996,0.3103448275862069
723,ATCTTAAACCCACACTCTCCTCGGAATTA,29,232,260,True,True,False,True,True,-32.6,0.41379310344827586
724,GAACGGATTAACAAGATGCGCGTCGGGCT,29,261,289,False,True,False,True,True,-32.599999999999994,0.5517241379310345
725,ACATCAACCATCACCTTCCCTCCTAGGGG,29,290,318,False,True,False,True,True,-39.300000000000004,0.5517241379310345
726,GTGACAGTGCCAGTGTGGGTCTCTTTGGA,29,319,347,False,True,False,True,True,-38.10000000000001,0.5517241379310345
727,AGGTCTATAGAAGACATGCTAAATCAAAA,29,348,376,True,False,False,True,True,-22.100000000000005,0.3103448275862069
728,GACATAGTCAGTACGTTAGAGGGATGGGG,29,377,405,False,True,False,True,True,-31.899999999999988,0.5172413793103449
729,AGGTGTCCGTGGACATTAGAAGACTGGAA,29,406,434,True,True,False,True,True,-32.09999999999999,0.4827586206896552
730,TTCTGAGCTCCTCATCCCTGGAGGGTCGC,29,435,463,False,True,False,True,True,-40.300000000000004,0.6206896551724138
731,CCAGGCCAGCCCTGCATCCAGGGCAGCGA,29,464,492,False,True,False,True,False,-43.400000000000006,0.7241379310344828
732,CTTGATTCAGCGACAGGAACCCTCCTAAA,29,493,521,True,True,False,True,True,-32.8,0.4827586206896552
733,ACTAAGAATGAGTTCTTTCTAAGAGGCAG,29,522,550,True,True,False,True,True,-25.399999999999995,0.3793103448275862
734,GGAATGGTTACTTTTCCACTGAGGTTAGT,29,551,579,False,True,False,True,True,-31.09999999999999,0.41379310344827586
735,GTGCACCAATGGGCACTGCCATGGCGAGC,29,580,608,False,True,False,True,True,-40.3,0.6551724137931034
736,TGCCGCTGACCACCCTAAAGTGAGAAGTG,29,609,637,False,True,True,True,True,-34.7,0.5517241379310345
737,GCCAGAGGGACAGCACGAGGCCACCAGAG,29,638,666,True,True,False,True,True,-39.59999999999999,0.6896551724137931
738,AACTCCTGCAGTCCCACTTCCTGATGCGC,29,667,695,False,True,False,True,True,-40.1,0.5862068965517241
739,CATGTCCTTGGACTCTCCCTGGGCTCTGA,29,696,724,False,True,False,True,True,-41.0,0.5862068965517241
740,GAGGAAACAGGGTTCTTAAAAGCACCTGC,29,725,753,True,False,False,True,True,-29.099999999999998,0.4827586206896552
741,TCTGGGGAGCCACTGAGGAGAGATGGTGA,29,754,782,False,True,False,True,True,-36.59999999999999,0.5862068965517241
742,CCTTCGGCAGCCACACATGGCATCTCCAG,29,783,811,False,True,False,True,True,-40.699999999999996,0.6206896551724138
743,CGTGTTCCCCTAAGTCCCCGTTTCCTGTC,29,812,840,False,True,False,False,False,-40.199999999999996,0.5862068965517241
744,GGGTCCATTGCCCAGCCCGCTCGCCCCTT,29,841,869,False,True,False,True,True,-46.29999999999999,0.7241379310344828
745,TCCTTCCCTCTGCCACGCTCGAAATCAGC,29,870,898,False,True,False,True,False,-38.99999999999999,0.5862068965517241
746,TGGTGGGGTGCAGGGAACCGCTGGCCTGG,29,899,927,False,True,False,True,True,-41.8,0.7241379310344828
747,AAGCGTCCCCAGGGCCACCCCACTCTGGA,29,928,956,False,True,False,False,False,-44.5,0.6896551724137931
748,CTCTCACAGCTGCCCAGCCTGTGCTCACA,29,957,985,False,True,False,True,True,-42.6,0.6206896551724138
749,TACCACAAGCCCCCGTTGTGTAAGCCACT,29,986,1014,False,True,False,True,True,-38.49999999999999,0.5517241379310345
750,CCAAGACTGTCTGATCCTGTTAGGAAAAA,29,1015,1043,True,False,False,True,True,-28.4,0.41379310344827586
751,CAAAGCTCTTTAGGGGAAAGAAAACAAAG,29,1044,1072,True,False,False,True,True,-20.299999999999997,0.3793103448275862
752,GAAGCCTGGACCACACAGTCCCCTGCGCC,29,1073,1101,False,True,False,True,True,-43.3,0.6896551724137931
753,ATGCTCTCTGGCTCCTTGGCGGTGTGCCT,29,1102,1130,False,True,False,True,True,-41.49999999999999,0.6206896551724138
754,GTCTATCCGCAGTGCCCACGGAAGCTGGA,29,1131,1159,False,True,False,True,True,-39.0,0.6206896551724138
755,GGGGTGCGCCTCGCCGTGAAAAGAAAGTC,29,1160,1188,False,False,True,True,True,-33.699999999999996,0.6206896551724138
756,TGAGGATGGAGTAGGGGTGAACTTGAAAG,29,1189,1217,True,True,False,True,True,-28.599999999999994,0.4827586206896552
757,GGTGTCCGTGCACCTGAACCTCCGGAGTC,29,1218,1246,False,True,False,True,True,-41.49999999999999,0.6551724137931034
758,GACCAAGGTACACGGGGAGCAAGTCGGGG,29,1247,1275,False,True,False,True,True,-36.6,0.6551724137931034
759,CAGAGAAGACCCCGAGGAAACTCAATCTT,29,1276,1304,True,True,True,True,True,-30.499999999999996,0.4827586206896552
760,CAAATAAAAAGGGACAAACAGTTTTAGCC,29,1305,1333,True,False,False,True,True,-21.3,0.3448275862068966
761,AGTCAGGGTGCCGTGGGCCTGGCCCCGCC,29,1334,1362,False,True,False,True,True,-46.399999999999984,0.7931034482758621
762,GCGTTCACAGCCCCACGGGATTAAGAGAG,29,1363,1391,False,True,True,True,True,-35.599999999999994,0.5862068965517241
763,GGTCTGCTCTAACTAGCTATTTGGTGCAA,29,1392,1420,False,True,False,True,True,-31.799999999999997,0.4482758620689655
764,GTAGAATTAAACGTTTAAGGCAGTTATAT,29,1421,1449,True,True,False,True,True,-20.899999999999995,0.27586206896551724
765,TAAGAAGCCGAGGGCAGGATTCGGGAAGG,29,1450,1478,True,True,False,True,True,-30.99999999999999,0.5862068965517241
766,CTGAGCAGGGAGGCTCTCAGCGTCTTGCC,29,1479,1507,False,True,False,True,True,-38.7,0.6551724137931034
767,ATGGGAGATCCAGAGCGGCTGTCTCTTCC,29,1508,1536,False,True,True,True,True,-37.4,0.5862068965517241
768,TCCCAGCTTAAAGATTTTGGAAAGCGTGC,29,1537,1565,False,True,False,True,False,-28.899999999999995,0.4482758620689655
769,CCTGGGCGTCGTAGGCCCCCTTGAATCCC,29,1566,1594,False,True,False,True,True,-42.199999999999996,0.6896551724137931
770,TTGTGAGCCGATTTATAGTCGGAAGCTCT,29,1595,1623,False,True,False,True,True,-30.899999999999995,0.4482758620689655
771,GCCTCCGTAGCCAAATCCTGGCTTCTGCC,29,1624,1652,False,True,False,True,False,-39.4,0.6206896551724138
772,CCTCGGCCCCCCAGCTAAATCTGCTGAGG,29,1653,1681,False,True,False,False,False,-39.5,0.6551724137931034
773,GACAGGCCTCTCCCCTTTCCTTGGGATGG,29,1682,1710,False,True,False,True,True,-41.100000000000016,0.6206896551724138
774,AGGGGGTGTACGAGGTGTCACAATGTTCT,29,1711,1739,False,True,False,True,True,-34.89999999999999,0.5172413793103449
775,TGAAGAAGTGGACTACTGGGTTTTCATCT,29,1740,1768,False,True,False,True,True,-30.599999999999998,0.41379310344827586
776,TGGGTCCTCTGCGACTTCTGGGGCAGGGA,29,1769,1797,False,True,True,True,True,-41.3,0.6551724137931034
777,GCCGTAGTGGGTAGTTCTTGTGTGTGAGT,29,1798,1826,False,True,False,True,True,-34.89999999999999,0.5172413793103449
778,CCTTGTACATGTGGCACAGCCCGGGACGG,29,1827,1855,False,True,False,True,True,-40.800000000000004,0.6551724137931034
779,CTGCGGGCATGAGAAGGCAGAGGGCTCCG,29,1856,1884,False,True,True,True,True,-37.29999999999999,0.6896551724137931
780,GCTCTGCTTTAGCCAGGGTACCTTGCCAG,29,1885,1913,False,True,False,True,True,-37.8,0.5862068965517241
781,AGCCCCGCTTGGGCGCACCCCTGTCACCG,29,1914,1942,False,True,False,False,False,-46.79999999999999,0.7586206896551724
782,CTAAAGAAGCGCCCGATGGAGTCAAGGAT,29,1943,1971,True,True,False,True,True,-29.599999999999994,0.5172413793103449
783,GCCCGTGTCTCTGTGCCTTGGGAGGAAGC,29,1972,2000,False,True,True,True,True,-39.699999999999996,0.6551724137931034
784,CATGCCGGGCATGGTCCATGGTACTTGCT,29,2001,2029,False,True,True,True,True,-39.3,0.5862068965517241
785,GTGGCCAAGTACTTGGACCCGTGTCGCTG,29,2030,2058,False,True,True,True,True,-39.199999999999996,0.6206896551724138
786,TGAGGGTCTCTTCTGTGATGCCATCACAT,29,2059,2087,False,True,True,True,True,-36.699999999999996,0.4827586206896552
787,CCAGGCCTTCGGAAGCTGCTGTGGGATCT,29,2088,2116,False,True,True,True,True,-38.199999999999996,0.6206896551724138
788,TCTTGGATGGTCTGAAGCTCGTCGGACTC,29,2117,2145,False,True,True,True,True,-36.099999999999994,0.5517241379310345
789,TGAGAAGCTCGTCGGACTCTGAGGGCCTG,29,2146,2174,False,True,True,True,True,-36.999999999999986,0.6206896551724138
790,CAAAGATCATTGCAAGTTTATTATTTTATT,30,0,29,True,True,False,True,True,-21.699999999999992,0.2
791,TCAATATCCAAGAACAGTAGGTGCTTCTGT,30,30,59,True,True,False,True,True,-30.7,0.4
792,CCAGCCATACTGCAGCTGTGCTGTCTGGAT,30,60,89,False,True,False,True,False,-39.7,0.5666666666666667
793,GAAGCCATGGGCAAGGTCGGTCGTTCAGTC,30,90,119,False,True,True,True,True,-37.19999999999999,0.6
794,ACACCGGAGGGCGAACACTCCTGTGGAACG,30,120,149,False,True,False,True,True,-39.99999999999999,0.6333333333333333
795,ATCTGGAGGGTTTGTTTCTGGAAGTTTCGT,30,150,179,False,True,False,True,True,-32.89999999999999,0.43333333333333335
796,CCCTGCGTTTCTCTTACCCCCACATTATTG,30,180,209,False,True,False,True,False,-39.300000000000004,0.5
797,TGGCAATGCATTAATAGGTGTTATCTTAAA,30,210,239,True,True,False,True,True,-25.299999999999997,0.3
798,CCCACACTCTCCTCGGAATTAGAACGGATT,30,240,269,False,True,False,True,False,-35.8,0.5
799,AACAAGATGCGCGTCGGGCTACATCAACCA,30,270,299,True,True,False,True,True,-36.0,0.5333333333333333
800,TCACCTTCCCTCCTAGGGGGTGACAGTGCC,30,300,329,False,True,False,True,False,-43.49999999999999,0.6333333333333333
801,AGTGTGGGTCTCTTTGGAAGGTCTATAGAA,30,330,359,False,True,False,True,True,-31.199999999999992,0.43333333333333335
802,GACATGCTAAATCAAAAGACATAGTCAGTA,30,360,389,True,False,False,True,True,-25.400000000000002,0.3333333333333333
803,CGTTAGAGGGATGGGGAGGTGTCCGTGGAC,30,390,419,False,True,False,True,True,-37.89999999999999,0.6333333333333333
804,ATTAGAAGACTGGAATTCTGAGCTCCTCAT,30,420,449,True,True,False,True,True,-30.6,0.4
805,CCCTGGAGGGTCGCCCAGGCCAGCCCTGCA,30,450,479,False,True,False,True,True,-47.699999999999996,0.7666666666666667
806,TCCAGGGCAGCGACTTGATTCAGCGACAGG,30,480,509,False,True,True,True,True,-38.49999999999999,0.6
807,AACCCTCCTAAAACTAAGAATGAGTTCTTT,30,510,539,True,False,True,True,False,-26.499999999999996,0.3333333333333333
808,CTAAGAGGCAGGGAATGGTTACTTTTCCAC,30,540,569,False,True,False,True,True,-31.699999999999996,0.4666666666666667
809,TGAGGTTAGTGTGCACCAATGGGCACTGCC,30,570,599,False,True,True,True,True,-38.699999999999996,0.5666666666666667
810,ATGGCGAGCTGCCGCTGACCACCCTAAAGT,30,600,629,False,True,False,True,True,-39.19999999999998,0.6
811,GAGAAGTGGCCAGAGGGACAGCACGAGGCC,30,630,659,True,True,True,True,True,-38.3,0.6666666666666666
812,ACCAGAGAACTCCTGCAGTCCCACTTCCTG,30,660,689,False,True,False,True,True,-40.6,0.5666666666666667
813,ATGCGCCATGTCCTTGGACTCTCCCTGGGC,30,690,719,False,True,False,True,True,-43.6,0.6333333333333333
814,TCTGAGAGGAAACAGGGTTCTTAAAAGCAC,30,720,749,True,False,False,True,True,-28.1,0.43333333333333335
815,CTGCTCTGGGGAGCCACTGAGGAGAGATGG,30,750,779,False,True,False,True,True,-38.29999999999999,0.6333333333333333
816,TGACCTTCGGCAGCCACACATGGCATCTCC,30,780,809,False,True,False,True,True,-42.699999999999996,0.6
817,AGCGTGTTCCCCTAAGTCCCCGTTTCCTGT,30,810,839,False,True,False,False,True,-41.1,0.5666666666666667
818,CGGGTCCATTGCCCAGCCCGCTCGCCCCTT,30,840,869,False,True,False,True,True,-47.69999999999998,0.7333333333333333
819,TCCTTCCCTCTGCCACGCTCGAAATCAGCT,30,870,899,False,True,False,True,False,-40.29999999999999,0.5666666666666667
820,GGTGGGGTGCAGGGAACCGCTGGCCTGGAA,30,900,929,False,True,False,True,True,-41.79999999999999,0.7
821,GCGTCCCCAGGGCCACCCCACTCTGGACTC,30,930,959,False,True,False,False,False,-48.49999999999999,0.7333333333333333
822,TCACAGCTGCCCAGCCTGTGCTCACATACC,30,960,989,False,True,False,True,True,-43.099999999999994,0.6
823,ACAAGCCCCCGTTGTGTAAGCCACTCCAAG,30,990,1019,False,True,False,False,False,-38.29999999999999,0.5666666666666667
824,ACTGTCTGATCCTGTTAGGAAAAACAAAGC,30,1020,1049,True,False,False,True,True,-27.9,0.4
825,TCTTTAGGGGAAAGAAAACAAAGGAAGCCT,30,1050,1079,True,False,False,True,True,-24.300000000000004,0.4
826,GGACCACACAGTCCCCTGCGCCATGCTCTC,30,1080,1109,False,True,False,True,False,-45.699999999999996,0.6666666666666666
827,TGGCTCCTTGGCGGTGTGCCTGTCTATCCG,30,1110,1139,False,True,False,True,True,-42.59999999999999,0.6333333333333333
828,CAGTGCCCACGGAAGCTGGAGGGGTGCGCC,30,1140,1169,False,True,False,True,False,-42.49999999999999,0.7333333333333333
829,TCGCCGTGAAAAGAAAGTCTGAGGATGGAG,30,1170,1199,True,False,False,True,True,-29.399999999999995,0.5
830,TAGGGGTGAACTTGAAAGGGTGTCCGTGCA,30,1200,1229,False,True,False,True,True,-35.0,0.5333333333333333
831,CCTGAACCTCCGGAGTCGACCAAGGTACAC,30,1230,1259,False,True,False,True,False,-39.099999999999994,0.6
832,GGGGAGCAAGTCGGGGCAGAGAAGACCCCG,30,1260,1289,False,True,True,True,True,-38.69999999999998,0.7
833,AGGAAACTCAATCTTCAAATAAAAAGGGAC,30,1290,1319,True,False,False,True,True,-22.000000000000004,0.3333333333333333
834,AAACAGTTTTAGCCAGTCAGGGTGCCGTGG,30,1320,1349,False,True,False,True,True,-35.0,0.5333333333333333
835,GCCTGGCCCCGCCGCGTTCACAGCCCCACG,30,1350,1379,False,True,False,False,False,-49.899999999999984,0.8
836,GGATTAAGAGAGGGTCTGCTCTAACTAGCT,30,1380,1409,False,True,False,True,True,-30.7,0.4666666666666667
837,ATTTGGTGCAAGTAGAATTAAACGTTTAAG,30,1410,1439,True,True,False,True,True,-22.4,0.3
838,GCAGTTATATTAAGAAGCCGAGGGCAGGAT,30,1440,1469,True,True,False,True,True,-29.39999999999999,0.4666666666666667
839,TCGGGAAGGCTGAGCAGGGAGGCTCTCAGC,30,1470,1499,False,True,True,True,True,-38.39999999999999,0.6666666666666666
840,GTCTTGCCATGGGAGATCCAGAGCGGCTGT,30,1500,1529,False,True,True,True,True,-39.39999999999999,0.6
841,CTCTTCCTCCCAGCTTAAAGATTTTGGAAA,30,1530,1559,False,True,True,True,False,-30.299999999999994,0.4
842,GCGTGCCCTGGGCGTCGTAGGCCCCCTTGA,30,1560,1589,False,True,False,True,True,-46.29999999999999,0.7333333333333333
843,ATCCCTTGTGAGCCGATTTATAGTCGGAAG,30,1590,1619,False,True,False,True,True,-32.59999999999998,0.4666666666666667
844,CTCTGCCTCCGTAGCCAAATCCTGGCTTCT,30,1620,1649,False,True,False,True,False,-39.199999999999996,0.5666666666666667
845,GCCCCTCGGCCCCCCAGCTAAATCTGCTGA,30,1650,1679,False,True,False,False,False,-43.999999999999986,0.6666666666666666
846,GGGACAGGCCTCTCCCCTTTCCTTGGGATG,30,1680,1709,False,True,False,True,True,-42.80000000000001,0.6333333333333333
847,GAGGGGGTGTACGAGGTGTCACAATGTTCT,30,1710,1739,False,True,False,True,True,-36.3,0.5333333333333333
848,TGAAGAAGTGGACTACTGGGTTTTCATCTT,30,1740,1769,False,True,False,True,True,-31.299999999999997,0.4
849,GGGTCCTCTGCGACTTCTGGGGCAGGGAGC,30,1770,1799,False,True,True,True,True,-42.5,0.7
850,CGTAGTGGGTAGTTCTTGTGTGTGAGTCCT,30,1800,1829,False,True,False,True,True,-35.69999999999999,0.5
851,TGTACATGTGGCACAGCCCGGGACGGCTGC,30,1830,1859,False,True,False,True,True,-43.0,0.6666666666666666
852,GGGCATGAGAAGGCAGAGGGCTCCGGCTCT,30,1860,1889,False,True,True,True,True,-39.19999999999999,0.6666666666666666
853,GCTTTAGCCAGGGTACCTTGCCAGAGCCCC,30,1890,1919,False,True,False,True,True,-41.19999999999999,0.6333333333333333
854,GCTTGGGCGCACCCCTGTCACCGCTAAAGA,30,1920,1949,False,True,False,True,True,-41.29999999999999,0.6333333333333333
855,AGCGCCCGATGGAGTCAAGGATGCCCGTGT,30,1950,1979,False,True,True,True,False,-39.99999999999999,0.6333333333333333
856,CTCTGTGCCTTGGGAGGAAGCCATGCCGGG,30,1980,2009,False,True,True,True,True,-40.599999999999994,0.6666666666666666
857,CATGGTCCATGGTACTTGCTGTGGCCAAGT,30,2010,2039,False,True,True,True,True,-38.19999999999999,0.5333333333333333
858,ACTTGGACCCGTGTCGCTGTGAGGGTCTCT,30,2040,2069,False,True,True,True,True,-41.699999999999996,0.6
859,TCTGTGATGCCATCACATCCAGGCCTTCGG,30,2070,2099,False,True,False,True,True,-40.9,0.5666666666666667
860,AAGCTGCTGTGGGATCTTCTTGGATGGTCT,30,2100,2129,False,True,False,True,True,-35.999999999999986,0.5
861,GAAGCTCGTCGGACTCTGAGAAGCTCGTCG,30,2130,2159,False,True,True,True,True,-35.99999999999999,0.6
