probe_sequence,probe_length,start,end,pnas1,pnas2,pnas3,pnas4,pnas5,deltaG,GC,GC_filter,target_name,FLAP_name,FLAP_sequence,final_sequence,final_sequence_name,well_position
ATGCCTTTATCTACTTACTTCCTCCCAC,28,644,671,0,1,0,1,1,-34.300000000000004,0.42857142857142855,1,BCAS1,X,CCTCCTAAGTTTCGAGCTGGACTCAGTG,ATGCCTTTATCTACTTACTTCCTCCCACCCTCCTAAGTTTCGAGCTGGACTCAGTG,BCAS1-X-0,A1
GATGAAGCAAGTCCCTCAGCCATCTGAGA,29,116,144,1,1,1,1,1,-34.300000000000004,0.5172413793103449,1,BCAS1,X,CCTCCTAAGTTTCGAGCTGGACTCAGTG,GATGAAGCAAGTCCCTCAGCCATCTGAGACCTCCTAAGTTTCGAGCTGGACTCAGTG,BCAS1-X-1,A2
CTTCTTTGACTTTCACATCTGTGGGCTC,28,1372,1399,0,1,0,1,1,-34.3,0.4642857142857143,1,BCAS1,X,CCTCCTAAGTTTCGAGCTGGACTCAGTG,CTTCTTTGACTTTCACATCTGTGGGCTCCCTCCTAAGTTTCGAGCTGGACTCAGTG,BCAS1-X-2,A3
GGGTTAGGGGAGGGTTTTTATCAGAGCACAT,31,31,61,0,1,0,1,1,-34.3,0.4838709677419355,1,BCAS1,X,CCTCCTAAGTTTCGAGCTGGACTCAGTG,GGGTTAGGGGAGGGTTTTTATCAGAGCACATCCTCCTAAGTTTCGAGCTGGACTCAGTG,BCAS1-X-3,A4
ATTACTATTCTCTGTGGCGTCTACCACC,28,1820,1847,0,1,0,1,1,-34.3,0.4642857142857143,1,BCAS1,X,CCTCCTAAGTTTCGAGCTGGACTCAGTG,ATTACTATTCTCTGTGGCGTCTACCACCCCTCCTAAGTTTCGAGCTGGACTCAGTG,BCAS1-X-4,A5
TTGTAAGTGTCTGCTTCCGGGTCATGCT,28,2604,2631,0,1,0,1,1,-34.39999999999999,0.5,1,BCAS1,X,CCTCCTAAGTTTCGAGCTGGACTCAGTG,TTGTAAGTGTCTGCTTCCGGGTCATGCTCCTCCTAAGTTTCGAGCTGGACTCAGTG,BCAS1-X-5,A6
TGGGCTTGGATCCTTTCCCAAGATTCTTT,29,2407,2435,0,1,1,1,1,-34.4,0.4482758620689655,1,BCAS1,X,CCTCCTAAGTTTCGAGCTGGACTCAGTG,TGGGCTTGGATCCTTTCCCAAGATTCTTTCCTCCTAAGTTTCGAGCTGGACTCAGTG,BCAS1-X-6,A7
TTTCCCGTTACTCTCTTCCGAGCGGG,26,1274,1299,0,1,0,1,1,-34.4,0.5769230769230769,1,BCAS1,X,CCTCCTAAGTTTCGAGCTGGACTCAGTG,TTTCCCGTTACTCTCTTCCGAGCGGGCCTCCTAAGTTTCGAGCTGGACTCAGTG,BCAS1-X-7,A8
ATCAGCCACAGCGTGAGCCTCCATTG,26,2444,2469,0,1,0,1,1,-34.4,0.5769230769230769,1,BCAS1,X,CCTCCTAAGTTTCGAGCTGGACTCAGTG,ATCAGCCACAGCGTGAGCCTCCATTGCCTCCTAAGTTTCGAGCTGGACTCAGTG,BCAS1-X-8,A9
CAAGCCTTACAGTCTCTACTGGTGGCTC,28,1456,1483,0,1,0,1,1,-34.4,0.5357142857142857,1,BCAS1,X,CCTCCTAAGTTTCGAGCTGGACTCAGTG,CAAGCCTTACAGTCTCTACTGGTGGCTCCCTCCTAAGTTTCGAGCTGGACTCAGTG,BCAS1-X-9,A10
AGAAGCGGGCACATTATCCTTCAAGCTGTTG,31,2480,2510,0,1,1,1,1,-34.400000000000006,0.4838709677419355,1,BCAS1,X,CCTCCTAAGTTTCGAGCTGGACTCAGTG,AGAAGCGGGCACATTATCCTTCAAGCTGTTGCCTCCTAAGTTTCGAGCTGGACTCAGTG,BCAS1-X-10,A11
TCCTAAGCACTTTTCTTCTGCACCTTACT,29,580,608,0,1,0,1,1,-34.199999999999996,0.41379310344827586,1,BCAS1,X,CCTCCTAAGTTTCGAGCTGGACTCAGTG,TCCTAAGCACTTTTCTTCTGCACCTTACTCCTCCTAAGTTTCGAGCTGGACTCAGTG,BCAS1-X-11,A12
ACGGGGTCCGTTTGCACTTGAGCATC,26,936,961,0,1,1,1,1,-34.199999999999996,0.5769230769230769,1,BCAS1,X,CCTCCTAAGTTTCGAGCTGGACTCAGTG,ACGGGGTCCGTTTGCACTTGAGCATCCCTCCTAAGTTTCGAGCTGGACTCAGTG,BCAS1-X-12,B1
ACACGGTGTGGGTCTAGACAGGAGATGG,28,840,867,0,1,0,1,1,-34.49999999999999,0.5714285714285714,1,BCAS1,X,CCTCCTAAGTTTCGAGCTGGACTCAGTG,ACACGGTGTGGGTCTAGACAGGAGATGGCCTCCTAAGTTTCGAGCTGGACTCAGTG,BCAS1-X-13,B2
TCACTGTGAGCCCTCCTCAGCGAATC,26,338,363,0,1,0,1,1,-34.5,0.5769230769230769,1,BCAS1,X,CCTCCTAAGTTTCGAGCTGGACTCAGTG,TCACTGTGAGCCCTCCTCAGCGAATCCCTCCTAAGTTTCGAGCTGGACTCAGTG,BCAS1-X-14,B3
CCCGTTCTTGGCTTTTGGACCCTTTC,26,2002,2027,0,1,0,1,1,-34.5,0.5384615384615384,1,BCAS1,X,CCTCCTAAGTTTCGAGCTGGACTCAGTG,CCCGTTCTTGGCTTTTGGACCCTTTCCCTCCTAAGTTTCGAGCTGGACTCAGTG,BCAS1-X-15,B4
CTGTGCCTCAGAAGTAATTGTTCCCCCA,28,308,335,0,1,0,1,1,-34.5,0.5,1,BCAS1,X,CCTCCTAAGTTTCGAGCTGGACTCAGTG,CTGTGCCTCAGAAGTAATTGTTCCCCCACCTCCTAAGTTTCGAGCTGGACTCAGTG,BCAS1-X-16,B5
TCCGGTTTGCCATTCTTCTGCTTGTTG,27,1107,1133,0,1,1,1,1,-34.1,0.48148148148148145,1,BCAS1,X,CCTCCTAAGTTTCGAGCTGGACTCAGTG,TCCGGTTTGCCATTCTTCTGCTTGTTGCCTCCTAAGTTTCGAGCTGGACTCAGTG,BCAS1-X-17,B6
CGCGCTTTCTCTTCCCTTGTCCAGTT,26,2054,2079,0,1,0,1,1,-34.6,0.5384615384615384,1,BCAS1,X,CCTCCTAAGTTTCGAGCTGGACTCAGTG,CGCGCTTTCTCTTCCCTTGTCCAGTTCCTCCTAAGTTTCGAGCTGGACTCAGTG,BCAS1-X-18,B7
CTTAGTGGGACGCTCATCTGGTTTCCC,27,2646,2672,0,1,0,1,1,-34.699999999999996,0.5555555555555556,1,BCAS1,X,CCTCCTAAGTTTCGAGCTGGACTCAGTG,CTTAGTGGGACGCTCATCTGGTTTCCCCCTCCTAAGTTTCGAGCTGGACTCAGTG,BCAS1-X-19,B8
TGGGACTCAGGTGGTGAAGGTGCCAGT,27,2133,2159,0,1,0,1,1,-34.8,0.5925925925925926,1,BCAS1,X,CCTCCTAAGTTTCGAGCTGGACTCAGTG,TGGGACTCAGGTGGTGAAGGTGCCAGTCCTCCTAAGTTTCGAGCTGGACTCAGTG,BCAS1-X-20,B9
GACTTCTTGTCCTTCGAGGAGGTCTCT,27,1161,1187,0,1,1,1,1,-33.79999999999998,0.5185185185185185,1,BCAS1,X,CCTCCTAAGTTTCGAGCTGGACTCAGTG,GACTTCTTGTCCTTCGAGGAGGTCTCTCCTCCTAAGTTTCGAGCTGGACTCAGTG,BCAS1-X-21,B10
GGCTGACTGCTGCCCTTGGAACTCTT,26,1638,1663,0,1,0,1,1,-34.9,0.5769230769230769,1,BCAS1,X,CCTCCTAAGTTTCGAGCTGGACTCAGTG,GGCTGACTGCTGCCCTTGGAACTCTTCCTCCTAAGTTTCGAGCTGGACTCAGTG,BCAS1-X-22,B11
TTTGTTTACTTGGATTTTCCAACTGGTCCG,30,900,929,0,1,0,1,1,-33.699999999999996,0.4,1,BCAS1,X,CCTCCTAAGTTTCGAGCTGGACTCAGTG,TTTGTTTACTTGGATTTTCCAACTGGTCCGCCTCCTAAGTTTCGAGCTGGACTCAGTG,BCAS1-X-23,B12
CGCTTCTCAGACCTCTTTGGGGTCTT,26,1014,1039,0,1,0,1,1,-33.6,0.5384615384615384,1,BCAS1,X,CCTCCTAAGTTTCGAGCTGGACTCAGTG,CGCTTCTCAGACCTCTTTGGGGTCTTCCTCCTAAGTTTCGAGCTGGACTCAGTG,BCAS1-X-24,C1
GGGATGCCATTCTGAACACACTCGTTG,27,2565,2591,0,1,1,1,1,-33.6,0.5185185185185185,1,BCAS1,X,CCTCCTAAGTTTCGAGCTGGACTCAGTG,GGGATGCCATTCTGAACACACTCGTTGCCTCCTAAGTTTCGAGCTGGACTCAGTG,BCAS1-X-25,C2
ACTGACATTTGTCTGAGAAACGCCATCAGA,30,1320,1349,1,1,1,1,1,-33.599999999999994,0.43333333333333335,1,BCAS1,X,CCTCCTAAGTTTCGAGCTGGACTCAGTG,ACTGACATTTGTCTGAGAAACGCCATCAGACCTCCTAAGTTTCGAGCTGGACTCAGTG,BCAS1-X-26,C3
CCTGGTACAGGCCGAGAGAGTGTCAAGA,28,2352,2379,1,1,0,1,1,-33.59999999999999,0.5714285714285714,1,BCAS1,X,CCTCCTAAGTTTCGAGCTGGACTCAGTG,CCTGGTACAGGCCGAGAGAGTGTCAAGACCTCCTAAGTTTCGAGCTGGACTCAGTG,BCAS1-X-27,C4
GTTCAGAGCGTACAGCAACACTGGCTAC,28,532,559,1,1,0,1,1,-33.5,0.5357142857142857,1,BCAS1,X,CCTCCTAAGTTTCGAGCTGGACTCAGTG,GTTCAGAGCGTACAGCAACACTGGCTACCCTCCTAAGTTTCGAGCTGGACTCAGTG,BCAS1-X-28,C5
TCGACTTCCTCATAGTGTTGAATCACACGA,30,2520,2549,0,1,1,1,1,-35.199999999999996,0.43333333333333335,1,BCAS1,X,CCTCCTAAGTTTCGAGCTGGACTCAGTG,TCGACTTCCTCATAGTGTTGAATCACACGACCTCCTAAGTTTCGAGCTGGACTCAGTG,BCAS1-X-29,C6
GGGCGTCTTCTCCGTGGAGTTTGATGTT,28,1232,1259,0,1,0,1,1,-35.3,0.5357142857142857,1,BCAS1,X,CCTCCTAAGTTTCGAGCTGGACTCAGTG,GGGCGTCTTCTCCGTGGAGTTTGATGTTCCTCCTAAGTTTCGAGCTGGACTCAGTG,BCAS1-X-30,C7
AGACACCATGAGGATTCCCTGGTACAGC,28,1960,1987,1,1,0,1,1,-35.39999999999999,0.5357142857142857,1,BCAS1,X,CCTCCTAAGTTTCGAGCTGGACTCAGTG,AGACACCATGAGGATTCCCTGGTACAGCCCTCCTAAGTTTCGAGCTGGACTCAGTG,BCAS1-X-31,C8
CCCTAGATCAACTGGTTAACCTGCTAACCC,30,690,719,0,1,0,1,1,-35.4,0.5,1,BCAS1,X,CCTCCTAAGTTTCGAGCTGGACTCAGTG,CCCTAGATCAACTGGTTAACCTGCTAACCCCCTCCTAAGTTTCGAGCTGGACTCAGTG,BCAS1-X-32,C9
CAGAGTGTCAACTTCTTGCTTTCTCTCC,28,1904,1931,0,1,0,1,1,-33.1,0.4642857142857143,1,BCAS1,X,CCTCCTAAGTTTCGAGCTGGACTCAGTG,CAGAGTGTCAACTTCTTGCTTTCTCTCCCCTCCTAAGTTTCGAGCTGGACTCAGTG,BCAS1-X-33,C10
CCTCTGGATCCGCAGGGACAGAATAACT,28,1876,1903,1,1,0,1,1,-33.09999999999999,0.5357142857142857,1,BCAS1,X,CCTCCTAAGTTTCGAGCTGGACTCAGTG,CCTCTGGATCCGCAGGGACAGAATAACTCCTCCTAAGTTTCGAGCTGGACTCAGTG,BCAS1-X-34,C11
GTGGGTGAATTCTCGGCGTCCGTGTCT,27,1728,1754,0,1,1,1,1,-35.599999999999994,0.5925925925925926,1,BCAS1,X,CCTCCTAAGTTTCGAGCTGGACTCAGTG,GTGGGTGAATTCTCGGCGTCCGTGTCTCCTCCTAAGTTTCGAGCTGGACTCAGTG,BCAS1-X-35,C12
TCTTTCTCAGTGAGATCCACGGTTTGTAAG,30,1410,1439,0,1,0,1,1,-32.99999999999999,0.43333333333333335,1,BCAS1,X,CCTCCTAAGTTTCGAGCTGGACTCAGTG,TCTTTCTCAGTGAGATCCACGGTTTGTAAGCCTCCTAAGTTTCGAGCTGGACTCAGTG,BCAS1-X-36,D1
TTTGGTCCCAGGCCCTTCAGAAAGCCC,27,972,998,0,1,0,1,1,-35.699999999999996,0.5925925925925926,1,BCAS1,X,CCTCCTAAGTTTCGAGCTGGACTCAGTG,TTTGGTCCCAGGCCCTTCAGAAAGCCCCCTCCTAAGTTTCGAGCTGGACTCAGTG,BCAS1-X-37,D2
TCTGCGCCTGTGGAAAGTGAATCCTCCTTA,30,1500,1529,0,1,1,1,1,-35.699999999999996,0.5,1,BCAS1,X,CCTCCTAAGTTTCGAGCTGGACTCAGTG,TCTGCGCCTGTGGAAAGTGAATCCTCCTTACCTCCTAAGTTTCGAGCTGGACTCAGTG,BCAS1-X-38,D3
AACGAACCTGCAACTTTCATTTTGCCGTTT,30,240,269,0,1,1,1,1,-32.9,0.4,1,BCAS1,X,CCTCCTAAGTTTCGAGCTGGACTCAGTG,AACGAACCTGCAACTTTCATTTTGCCGTTTCCTCCTAAGTTTCGAGCTGGACTCAGTG,BCAS1-X-39,D4
TGAGGTCGGCTTTGTCCGACTTGAGA,26,1690,1715,0,1,0,1,1,-32.599999999999994,0.5384615384615384,1,BCAS1,X,CCTCCTAAGTTTCGAGCTGGACTCAGTG,TGAGGTCGGCTTTGTCCGACTTGAGACCTCCTAAGTTTCGAGCTGGACTCAGTG,BCAS1-X-40,D5
CAGGCGTGAGATAAGCGTCAGACGGAACA,29,87,115,1,1,0,1,1,-32.599999999999994,0.5517241379310345,1,BCAS1,X,CCTCCTAAGTTTCGAGCTGGACTCAGTG,CAGGCGTGAGATAAGCGTCAGACGGAACACCTCCTAAGTTTCGAGCTGGACTCAGTG,BCAS1-X-41,D6
AAATGAACTAAGCCAGTCTTCCCTTCCCCTC,31,496,526,0,1,0,1,1,-36.4,0.4838709677419355,1,BCAS1,X,CCTCCTAAGTTTCGAGCTGGACTCAGTG,AAATGAACTAAGCCAGTCTTCCCTTCCCCTCCCTCCTAAGTTTCGAGCTGGACTCAGTG,BCAS1-X-42,D7
GATGAATCTGTGCCTTGGTCCCCGGGA,27,2322,2348,0,1,1,1,1,-36.6,0.5925925925925926,1,BCAS1,X,CCTCCTAAGTTTCGAGCTGGACTCAGTG,GATGAATCTGTGCCTTGGTCCCCGGGACCTCCTAAGTTTCGAGCTGGACTCAGTG,BCAS1-X-43,D8
TTGGCCTCAGTGCACCCTGGGGTTTTA,27,2187,2213,0,1,1,1,1,-36.70000000000001,0.5555555555555556,1,BCAS1,X,CCTCCTAAGTTTCGAGCTGGACTCAGTG,TTGGCCTCAGTGCACCCTGGGGTTTTACCTCCTAAGTTTCGAGCTGGACTCAGTG,BCAS1-X-44,D9
TGGGAGGAGAACCTGGTGGGAGCTAGGTGA,30,870,899,0,1,0,1,1,-36.9,0.6,1,BCAS1,X,CCTCCTAAGTTTCGAGCTGGACTCAGTG,TGGGAGGAGAACCTGGTGGGAGCTAGGTGACCTCCTAAGTTTCGAGCTGGACTCAGTG,BCAS1-X-45,D10
TACACTTATATGCCAGGAAAGACTGGACC,29,725,753,1,1,1,1,1,-31.39999999999999,0.4482758620689655,1,BCAS1,X,CCTCCTAAGTTTCGAGCTGGACTCAGTG,TACACTTATATGCCAGGAAAGACTGGACCCCTCCTAAGTTTCGAGCTGGACTCAGTG,BCAS1-X-46,D11
TTGAAGTTGGTAATTCATGCCCTTGTCC,28,280,307,0,1,0,1,1,-31.3,0.42857142857142855,1,BCAS1,X,CCTCCTAAGTTTCGAGCTGGACTCAGTG,TTGAAGTTGGTAATTCATGCCCTTGTCCCCTCCTAAGTTTCGAGCTGGACTCAGTG,BCAS1-X-47,D12
TCTGGGTCCTTCTTTGTTTCAGTTTTG,27,1755,1781,0,1,0,1,1,-31.299999999999994,0.4074074074074074,1,BCAS1,X,CCTCCTAAGTTTCGAGCTGGACTCAGTG,TCTGGGTCCTTCTTTGTTTCAGTTTTGCCTCCTAAGTTTCGAGCTGGACTCAGTG,BCAS1-X-48,E1
TGTTAGGGGTACCGGATGCAAAGGGGAAAG,30,180,209,1,1,0,1,1,-31.299999999999994,0.5333333333333333,1,BCAS1,X,CCTCCTAAGTTTCGAGCTGGACTCAGTG,TGTTAGGGGTACCGGATGCAAAGGGGAAAGCCTCCTAAGTTTCGAGCTGGACTCAGTG,BCAS1-X-49,E2
